selected_model,raw_action,dose,blood glucose,reward,meal,risk,time,phase_type,phase_progress,phase_intensity,shaped_bonus,bg_slope
highmodel,30.0,1.4276202917099,135.96797,12.416115871204408,0.0,1.576011748259192,00:03,0,0.0,0.0,0.0,0.0
highmodel,30.0,0.0,132.92305,14.281323706051804,0.0,1.4673142809166928,00:06,0,0.0,0.0,0.0,-3.044921875
highmodel,30.0,0.0,130.92818,14.16781327866025,0.0,1.3910564263755933,00:09,0,0.0,0.0,0.0,-1.994873046875
highmodel,30.0,0.0,129.8518,14.084854615410748,0.0,1.3365913584933156,00:12,0,0.0,0.0,0.0,-1.0763702392578125
innermodel,30.0,0.0,129.586,14.020324192999086,0.0,1.2963318770920873,00:15,0,0.0,0.0,0.0,-0.26580810546875
innermodel,30.0,0.0,130.03976,13.965152429435328,0.0,1.2647334193265294,00:18,0,0.0,0.0,0.0,0.453765869140625
highmodel,30.0,0.0,131.13507,13.912894451210544,0.0,1.2376959353413552,00:21,0,0.0,0.0,0.0,1.095306396484375
highmodel,30.0,0.0,132.8041,13.85934298204917,0.0,1.212192622534757,00:24,0,0.0,0.0,0.0,1.6690216064453125
highmodel,30.0,0.0,134.96631,13.804092028540492,0.0,1.1860263793793189,00:27,0,0.0,0.0,0.0,2.1622161865234375
highmodel,30.0,0.0,137.42226,13.759636817335734,0.0,1.1576598477780569,00:30,0,0.0,0.0,0.0,2.4559478759765625
highmodel,30.0,0.18638858199119568,139.78955,13.75130091504401,0.0,1.1260888379356213,00:33,0,0.0,0.0,0.0,2.3672943115234375
highmodel,30.0,0.0,141.64825,-4.030513583760342,0.0,1.0907393385763122,00:36,0,0.0,0.0,0.0,1.85870361328125
highmodel,30.0,0.0,142.58183,-4.398123885295623,0.0,1.0513673663033616,00:39,0,0.0,0.0,0.0,0.9335784912109375
highmodel,30.0,0.0,142.23358,-4.0765283321576264,0.0,1.0079724895358328,00:42,0,0.0,0.0,0.0,-0.3482513427734375
highmodel,30.0,0.0,140.59343,-3.1114734454549575,0.0,0.9607470618487152,00:45,0,0.0,0.0,0.0,-1.6401519775390625
highmodel,30.0,0.0,138.16985,14.26001083920433,0.0,0.910043582968108,00:48,0,0.0,0.0,0.0,-2.423583984375
highmodel,30.0,0.0,135.5875,14.258100069947448,0.0,0.8563454081584599,00:51,0,0.0,0.0,0.0,-2.5823516845703125
highmodel,30.0,0.0,133.47218,14.19603620635657,0.0,0.8002371577621945,00:54,0,0.0,0.0,0.0,-2.1153106689453125
highmodel,30.0,0.0,132.38498,14.095117589526737,0.0,0.7423748761588905,00:57,0,0.0,0.0,0.0,-1.0872039794921875
highmodel,30.0,0.0,132.4941,13.990630005255069,0.0,0.6834569610440349,01:00,0,0.0,0.0,0.0,0.1091156005859375
highmodel,30.0,0.07854719460010529,133.37798,13.92264909486877,0.0,0.6241969382783714,01:03,0,0.0,0.0,0.0,0.883880615234375
highmodel,30.0,0.0,134.48418,13.899596305147712,0.0,0.5652980755261393,01:06,0,0.0,0.0,0.0,1.106201171875
highmodel,30.0,0.0,135.26045,13.927205085442974,0.0,0.5074273544269471,01:09,0,0.0,0.0,0.0,0.776275634765625
highmodel,30.0,0.0,135.212,14.00459892438506,0.0,0.4511945684054677,01:12,0,0.0,0.0,0.0,-0.0484466552734375
highmodel,30.0,0.0,134.18861,14.095408494837116,0.0,0.39714319077182714,01:15,0,0.0,0.0,0.0,-1.0233917236328125
highmodel,30.0,0.0,132.55704,14.145119934335503,0.0,0.34574693718348926,01:18,0,0.0,0.0,0.0,-1.6315765380859375
highmodel,30.0,0.0,130.7988,14.14643239045861,0.0,0.29740761962299317,01:21,0,0.0,0.0,0.0,-1.75823974609375
highmodel,30.0,0.0,129.39523,14.109196918136197,0.0,0.25245349346881785,01:24,0,0.0,0.0,0.0,-1.403564453125
innermodel,30.0,0.0,128.77328,14.046135225894513,0.0,0.21113830473781595,01:27,0,0.0,0.0,0.0,-0.6219482421875
innermodel,30.0,0.0,129.03467,13.98078157540018,0.0,0.17364137660566653,01:30,0,0.0,0.0,0.0,0.261383056640625
innermodel,30.0,0.0,129.7933,13.942823255698713,0.0,0.14006896583994013,01:33,0,0.0,0.0,0.0,0.758636474609375
innermodel,30.0,0.0,130.55449,13.940568940175904,0.0,0.11045696821351965,01:36,0,0.0,0.0,0.0,0.7611846923828125
highmodel,30.0,0.0,130.82332,13.978525151386226,0.0,0.08477492207594456,01:39,0,0.0,0.0,0.0,0.268829345703125
highmodel,30.0,0.0,130.15367,14.053024036476689,0.0,0.06293116723043612,01:42,0,0.0,0.0,0.0,-0.669647216796875
highmodel,30.0,0.0,128.39392,14.131725231297864,0.0,0.044778960308251986,01:45,0,0.0,0.0,0.0,-1.7597503662109375
innermodel,30.0,0.0,125.8342,14.171099783195224,0.0,0.030123320674002883,01:48,0,0.0,0.0,0.0,-2.559722900390625
innermodel,30.0,0.0,122.8626,14.166287843419486,0.0,0.018728374737585304,01:51,0,0.0,0.0,0.0,-2.9715957641601562
innermodel,30.0,0.0,119.86699,14.129912217727355,0.0,0.01032497477436755,01:54,0,0.0,0.0,0.0,-2.9956130981445312
innermodel,30.0,0.0,117.20778,14.081235706934915,0.0,0.004618385868865132,01:57,0,0.0,0.0,0.0,-2.659210205078125
innermodel,30.0,0.0,115.08229,14.040318811079626,0.0,0.0012958576619433,02:00,0,0.0,0.0,0.0,-2.12548828125
innermodel,30.0,0.0,113.44325,14.015318545431791,0.0,3.3923528869809316e-05,02:03,0,0.0,0.0,0.0,-1.6390380859375
innermodel,30.0,0.0,112.188896,14.002035870095789,0.0,0.0005052967675249822,02:06,0,0.0,0.0,0.0,-1.2543563842773438
innermodel,30.0,0.0,111.21723,13.995606473924422,0.0,0.0023852600242416705,02:09,0,0.0,0.0,0.0,-0.9716644287109375
innermodel,30.0,0.0,110.4261,13.99247000612041,0.0,0.005357469628897104,02:12,0,0.0,0.0,0.0,-0.7911300659179688
innermodel,30.0,0.0,109.71314,13.990107740138516,0.0,0.009119120145411467,02:15,0,0.0,0.0,0.0,-0.7129592895507812
innermodel,30.0,0.0,108.97587,13.986610734959442,0.0,0.013385435879737175,02:18,0,0.0,0.0,0.0,-0.737274169921875
innermodel,30.0,0.0,108.11161,13.980129508023714,0.0,0.01789347509833067,02:21,0,0.0,0.0,0.0,-0.8642578125
innermodel,30.0,0.0,107.01758,13.968226363195406,0.0,0.022405249193524726,02:24,0,0.0,0.0,0.0,-1.0940322875976562
innermodel,30.0,0.0,104.416595,13.893507855658466,0.0,0.026710172981736845,02:27,0,0.0,0.0,0.0,-2.600982666015625
innermodel,30.0,0.0,99.81563,-10.39578635933399,0.0,0.03062687380318154,02:30,0,0.0,0.0,0.0,-4.6009674072265625
innermodel,30.0,0.0,96.97461,-11.780924634261796,0.0,0.03400439623137093,02:33,0,0.0,0.0,0.0,-2.8410186767578125
innermodel,30.0,0.0,95.62804,-12.33652453995853,0.0,0.03672284616182386,02:36,0,0.0,0.0,0.0,-1.3465728759765625
innermodel,30.0,0.0,95.51032,-12.258744518573952,0.0,0.03869352302539631,02:39,0,0.0,0.0,0.0,-0.11771392822265625
innermodel,30.0,0.0,96.35582,-11.724887782574836,0.0,0.03985859207378234,02:42,0,0.0,0.0,0.0,0.8454971313476562
innermodel,30.0,0.0,97.89881,-10.888897667392618,0.0,0.040190350332547004,02:45,0,0.0,0.0,0.0,1.5429916381835938
innermodel,30.0,0.0,99.87354,-9.884650301534792,0.0,0.03969014013097796,02:48,0,0.0,0.0,0.0,1.9747314453125
innermodel,30.0,0.0,102.01421,14.159504890970021,0.0,0.038386963312963145,02:51,0,0.0,0.0,0.0,2.1406707763671875
innermodel,30.0,0.0,104.05497,14.120910137497702,0.0,0.03633584751359226,02:54,0,0.0,0.0,0.0,2.0407562255859375
innermodel,30.0,0.0,105.75064,14.07856635738441,0.0,0.03361601344225112,02:57,0,0.0,0.0,0.0,1.6956710815429688
innermodel,30.0,0.0,106.98023,14.04509406072323,0.0,0.03032888911851967,03:00,0,0.0,0.0,0.0,1.2295913696289062
innermodel,30.0,0.0,107.80902,14.024951243336478,0.0,0.026596013617220485,03:03,0,0.0,0.0,0.0,0.8287887573242188
innermodel,30.0,0.0,108.34369,14.013823869107156,0.0,0.022556869230067687,03:06,0,0.0,0.0,0.0,0.53466796875
innermodel,30.0,0.0,108.690865,14.008036708522877,0.0,0.018366677160869548,03:09,0,0.0,0.0,0.0,0.34717559814453125
innermodel,30.0,0.0,108.95067,14.005534781719415,0.0,0.014194188038294201,03:12,0,0.0,0.0,0.0,0.25980377197265625
innermodel,30.0,0.0,109.18391,14.004622223340622,0.0,0.010219494736429179,03:15,0,0.0,0.0,0.0,0.23323822021484375
innermodel,30.0,0.0,109.392525,14.003857954274961,0.0,0.00663189130479435,03:18,0,0.0,0.0,0.0,0.2086181640625
innermodel,30.0,0.0,109.565346,14.002999655725677,0.0,0.003627798276969835,03:21,0,0.0,0.0,0.0,0.172821044921875
innermodel,30.0,0.0,109.69123,14.002073216264405,0.0,0.001408771289377224,03:24,0,0.0,0.0,0.0,0.125885009765625
innermodel,30.0,0.0,109.76062,14.001102825581729,0.0,0.00017960682580210518,03:27,0,0.0,0.0,0.0,0.06938934326171875
innermodel,30.0,0.0,109.77376,14.000205642796747,0.0,0.00014655602683251185,03:30,0,0.0,0.0,0.0,0.0131378173828125
innermodel,30.0,0.0,109.74554,13.999557105689302,0.0,0.0015156548757692817,03:33,0,0.0,0.0,0.0,-0.02822113037109375
innermodel,30.0,0.0,109.69411,13.99918069480903,0.0,0.004491176696739884,03:36,0,0.0,0.0,0.0,-0.05142974853515625
innermodel,30.0,0.0,109.6376,13.999082034548866,0.0,0.009274210774121487,03:39,0,0.0,0.0,0.0,-0.0565032958984375
innermodel,30.0,0.0,109.59422,13.99928233584215,0.0,0.016061369018296853,03:42,0,0.0,0.0,0.0,-0.0433807373046875
innermodel,30.0,0.0,109.58228,13.999800471157933,0.0,0.025043620951310866,03:45,0,0.0,0.0,0.0,-0.01194000244140625
innermodel,30.0,0.0,109.62031,14.000632377604322,0.0,0.03640525585494402,03:48,0,0.0,0.0,0.0,0.03802490234375
innermodel,30.0,0.0,109.72688,14.001726778225457,0.0,0.05032296969932318,03:51,0,0.0,0.0,0.0,0.10657501220703125
innermodel,30.0,0.0,109.92061,14.002966985793076,0.0,0.06696507343754254,03:54,0,0.0,0.0,0.0,0.1937255859375
innermodel,30.0,0.0,110.22592,14.004228882486228,0.0,0.08649081839575878,03:57,0,0.0,0.0,0.0,0.3053131103515625
innermodel,30.0,0.0,110.70237,14.00551555204488,0.0,0.1090498337932298,04:00,0,0.0,0.0,0.0,0.47644805908203125
innermodel,30.0,0.0,111.462166,14.006099417861478,0.0,0.13478167087790077,04:03,0,0.0,0.0,0.0,0.759796142578125
innermodel,30.0,0.0,112.62922,14.003048671076282,0.0,0.16381544774547785,04:06,0,0.0,0.0,0.0,1.16705322265625
innermodel,30.0,0.0,114.32745,13.991186382495597,0.0,0.1962695886093195,04:09,0,0.0,0.0,0.0,1.6982345581054688
innermodel,30.0,0.0,116.66234,13.963367135758794,0.0,0.23225165109178647,04:12,0,0.0,0.0,0.0,2.3348846435546875
innermodel,30.0,0.0,119.6287,13.914897469621017,0.0,0.2718582350021426,04:15,0,0.0,0.0,0.0,2.9663619995117188
innermodel,30.0,0.0,123.05534,13.85178018591675,0.0,0.3151749660397828,04:18,0,0.0,0.0,0.0,3.4266433715820312
innermodel,30.0,0.0,126.73421,13.78608559130927,0.0,0.3622765479044015,04:21,0,0.0,0.0,0.0,3.678863525390625
innermodel,30.0,0.0,130.45721,13.73064666750444,0.0,0.4132268763954566,04:24,0,0.0,0.0,0.0,3.7230072021484375
highmodel,30.0,1.2449885606765747,134.0326,13.695484625663118,0.0,0.4680789703231182,04:27,0,0.0,0.0,0.0,3.57537841796875
highmodel,30.0,0.0,137.36607,13.678888474719615,0.0,0.526859580626257,04:30,0,0.0,0.0,0.0,3.3334808349609375
highmodel,30.0,0.0,140.5088,-3.5875368731619197,0.0,0.5894676309040706,04:33,0,0.0,0.0,0.0,3.142730712890625
highmodel,30.0,0.0,143.54189,-5.118457897953015,0.0,0.6555363637029182,04:36,0,0.0,0.0,0.0,3.0330810546875
highmodel,30.0,0.0,146.54346,-6.639083829753895,0.0,0.7244108814307204,04:39,0,0.0,0.0,0.0,3.0015716552734375
highmodel,30.0,0.0,149.5897,-8.18995446735792,0.0,0.7952086553051352,04:42,0,0.0,0.0,0.0,3.0462493896484375
highmodel,30.0,0.0,152.75612,-16.81095710170969,0.0,0.8669029686789365,04:45,0,0.0,0.0,0.0,3.166412353515625
highmodel,30.0,0.0,156.11845,-18.542005550744918,0.0,0.938404854604643,04:48,0,0.0,0.0,0.0,3.362335205078125
highmodel,30.0,0.0,159.75337,-20.423449739801335,0.0,1.008633779196261,04:51,0,0.0,0.0,0.0,3.634918212890625
highmodel,30.0,0.0,163.73885,-37.49631818312486,0.0,1.0765735321310606,04:54,0,0.0,0.0,0.0,3.9854736328125
highmodel,30.0,1.0021424293518066,163.76085,-36.88396114075363,0.0,1.1413126235882178,04:57,0,0.0,0.0,0.0,0.022003173828125
highmodel,30.0,0.0,156.75584,-17.29479042595051,0.0,1.2020526966256582,05:00,0,0.0,0.0,0.0,-7.0050048828125
highmodel,30.0,0.0,153.81306,-16.47896657218915,0.0,1.2580109160970445,05:03,0,0.0,0.0,0.0,-2.942779541015625
highmodel,30.0,0.0,154.18129,-17.143193012680676,0.0,1.3082964501989813,05:06,0,0.0,0.0,0.0,0.36822509765625
highmodel,30.0,0.0,157.1081,-18.981385888677444,0.0,1.351930426668064,05:09,0,0.0,0.0,0.0,2.9268035888671875
highmodel,30.0,0.0,161.84065,-36.645595088697505,0.0,1.3879447924481938,05:12,0,0.0,0.0,0.0,4.7325592041015625
highmodel,30.0,0.0,167.62662,-43.75226584461182,0.0,1.4154817818704801,05:15,0,0.0,0.0,0.0,5.7859649658203125
highmodel,30.0,0.0,173.7148,-46.900541935436955,0.0,1.4338690577975735,05:18,0,0.0,0.0,0.0,6.0881805419921875
highmodel,30.0,0.0,179.35553,-49.68882408530132,0.0,1.4426660376490843,05:21,0,0.0,0.0,0.0,5.6407318115234375
highmodel,30.0,0.0,183.80086,-47.72417871419567,0.0,1.4416841723293763,05:24,0,0.0,0.0,0.0,4.4453277587890625
highmodel,30.0,0.784405529499054,186.37907,-45.677258296095594,0.0,1.4309860984646847,05:27,0,0.0,0.0,0.0,2.578216552734375
highmodel,30.0,0.0,186.86728,-48.526774520121606,0.0,1.4108549416331821,05:30,0,0.0,0.0,0.0,0.4882049560546875
highmodel,30.0,0.0,185.7143,-47.637588792367644,0.0,1.3816826919677854,05:33,0,0.0,0.0,0.0,-1.152984619140625
highmodel,30.0,0.0,183.5177,-46.344421809565624,0.0,1.3438569592081862,05:36,0,0.0,0.0,0.0,-2.19659423828125
highmodel,30.0,0.0,180.87433,-44.945451036030605,0.0,1.297772946882808,05:39,0,0.0,0.0,0.0,-2.64337158203125
highmodel,30.0,0.0,178.3361,-43.70348181207441,0.0,1.2438995809875868,05:42,0,0.0,0.0,0.0,-2.5382232666015625
highmodel,30.0,0.0,176.18695,-42.70623128399451,0.0,1.1828339728487958,05:45,0,0.0,0.0,0.0,-2.1491546630859375
highmodel,30.0,0.0,174.30905,-41.82096420043854,0.0,1.1153288341745888,05:48,0,0.0,0.0,0.0,-1.877899169921875
highmodel,30.0,0.0,172.49615,-40.930493904878176,0.0,1.0422944849546258,05:51,0,0.0,0.0,0.0,-1.812896728515625
highmodel,30.0,0.0,170.54309,-39.934476270880985,0.0,0.9647816643869147,05:54,0,0.0,0.0,0.0,-1.95306396484375
highmodel,30.0,0.0,168.25539,-38.73984621676392,0.0,0.883951784786991,05:57,0,0.0,0.0,0.0,-2.2877044677734375
highmodel,30.0,0.0,165.49753,-22.29172735213258,0.0,0.8010403051240528,06:00,0,0.0,0.0,0.0,-2.7578582763671875
highmodel,30.0,0.0,162.22186,-20.583937480585075,0.0,0.717317605856989,06:03,0,0.0,0.0,0.0,-3.275665283203125
highmodel,30.0,0.0,158.40063,-18.60889729630067,0.0,0.6340505292621132,06:06,0,0.0,0.0,0.0,-3.82122802734375
highmodel,30.0,0.0,154.00641,-16.356865864441644,0.0,0.5524667407127206,06:09,0,0.0,0.0,0.0,-4.39422607421875
highmodel,30.0,0.0,149.03583,-13.834742720593729,0.0,0.4737232813967225,06:12,0,0.0,0.0,0.0,-4.9705810546875
highmodel,30.0,0.0,143.62936,-11.136049447794287,0.0,0.3988800936813339,06:15,0,0.0,0.0,0.0,-5.406463623046875
highmodel,30.0,0.0,138.14305,7.611331362375683,0.0,0.32887886795865234,06:18,0,0.0,0.0,0.0,-5.4863128662109375
highmodel,30.0,0.0,132.98062,7.494846209599122,0.0,0.26452724787770043,06:21,0,0.0,0.0,0.0,-5.1624298095703125
highmodel,30.0,0.0,128.54552,7.355143591484857,0.0,0.2064882095040842,06:24,0,0.0,0.0,0.0,-4.4351043701171875
innermodel,30.0,0.0,125.195625,7.220746599599226,0.0,0.15527427623887774,06:27,0,0.0,0.0,0.0,-3.3498916625976562
innermodel,30.0,0.0,123.0175,7.119774661316836,0.0,0.11124612833335572,06:30,0,0.0,0.0,0.0,-2.1781234741210938
innermodel,30.0,0.0,121.69085,7.063252299773451,0.0,0.07461510122290929,06:33,0,0.0,0.0,0.0,-1.3266525268554688
innermodel,30.0,0.0,120.80457,7.038013388510165,0.0,0.045449031704356144,06:36,0,0.0,0.0,0.0,-0.8862762451171875
innermodel,30.0,0.0,119.94713,7.033459727763229,0.0,0.023680898583583687,06:39,0,0.0,0.0,0.0,-0.8574447631835938
innermodel,30.0,0.0,118.74037,7.041425059015311,0.0,0.009119709830072924,06:42,0,0.0,0.0,0.0,-1.206756591796875
innermodel,30.0,0.0,117.00926,7.047482509112872,0.0,0.0014631075866265606,06:45,0,0.0,0.0,0.0,-1.731109619140625
innermodel,30.0,0.0,114.88362,7.038207725905865,0.0,0.0003111924322301259,06:48,0,0.0,0.0,0.0,-2.125640869140625
innermodel,30.0,0.0,112.56067,7.015043321883353,0.0,0.005181106430573975,06:51,0,0.0,0.0,0.0,-2.3229522705078125
innermodel,30.0,0.0,110.237206,6.985453137611259,0.0,0.015521958435741627,06:54,0,0.0,0.0,0.0,-2.3234634399414062
innermodel,30.0,0.0,108.0977,6.958822623513959,0.0,0.03072972287778969,06:57,0,0.0,0.0,0.0,-2.1395034790039062
innermodel,30.0,0.0,106.254585,6.941936630838591,0.0,0.05016179306686728,07:00,0,0.0,0.0,0.0,-1.8431167602539062
innermodel,30.0,0.0,104.7124,6.9345307652278905,0.0,0.07315092040898628,07:03,0,0.0,0.0,0.0,-1.5421829223632812
innermodel,30.0,0.0,103.45153,6.9345469996507445,0.0,0.09901832050533028,07:06,0,0.0,0.0,0.0,-1.2608718872070312
innermodel,30.0,0.0,102.45203,6.940220664784955,0.0,0.12708577480289618,07:09,0,0.0,0.0,0.0,-0.9995040893554688
innermodel,30.0,0.0,101.69372,6.949856197336609,0.0,0.1566866013741406,07:12,0,0.0,0.0,0.0,-0.7583084106445312
innermodel,30.0,0.0,101.15618,6.96189783333327,0.0,0.18717540982285835,07:15,0,0.0,0.0,0.0,-0.53753662109375
innermodel,30.0,0.0,100.818794,6.974984495319287,0.0,0.2179365927295868,07:18,0,0.0,0.0,0.0,-0.3373870849609375
innermodel,30.0,0.0,100.66074,6.9879864600155095,0.0,0.24839153912831458,07:21,0,0.0,0.0,0.0,-0.158050537109375
innermodel,30.0,0.0,100.66105,7.00002336203936,0.0,0.27800458407764506,07:24,0,0.0,0.0,0.0,0.00030517578125
innermodel,30.0,0.0,101.052864,7.0294355598695075,0.0,0.30628773243016094,07:27,0,0.0,0.0,0.0,0.391815185546875
innermodel,30.0,0.0,101.70436,7.0464051243483,0.0,0.3328042145160682,07:30,0,0.0,0.0,0.0,0.6514968872070312
innermodel,30.0,0.0,101.43629,6.981286618063216,0.0,0.35717094684677264,07:33,0,0.0,0.0,0.0,-0.26807403564453125
innermodel,30.0,0.0,100.46815,6.9279542813518145,0.0,0.37905998240068406,07:36,0,0.0,0.0,0.0,-0.9681396484375
innermodel,30.0,0.0,99.019394,-10.611511678246572,0.0,0.39819904292438824,07:39,0,0.0,0.0,0.0,-1.4487533569335938
innermodel,30.0,0.0,97.30939,-11.50986721127626,0.0,0.4143712303577407,07:42,0,0.0,0.0,0.0,-1.7100067138671875
innermodel,30.0,0.0,95.55746,-12.415171815224053,0.0,0.4274140163810914,07:45,0,0.0,0.0,0.0,-1.7519302368164062
innermodel,30.0,0.0,93.98286,-13.205795872558856,0.0,0.4372176086038494,07:48,0,0.0,0.0,0.0,-1.5746002197265625
innermodel,30.0,0.0,92.80484,-13.759984559760316,0.0,0.4437227894723211,07:51,0,0.0,0.0,0.0,-1.1780166625976562
innermodel,30.0,0.0,92.24259,-13.960848082850397,0.0,0.4469183199620467,07:54,0,0.0,0.0,0.0,-0.5622482299804688
innermodel,30.0,0.0,92.48423,-13.722209858224153,0.0,0.4468379948950155,07:57,0,0.0,0.0,0.0,0.24163818359375
innermodel,30.0,0.0,93.53136,-13.086160703783499,0.0,0.44355743061468894,08:00,0,0.0,0.0,0.0,1.0471267700195312
innermodel,30.0,0.0,95.105865,-12.243423757381693,0.0,0.437190659051521,08:03,0,0.0,0.0,0.0,1.5745086669921875
innermodel,30.0,0.0,96.86748,-11.364511997545032,0.0,0.42788659517230154,08:06,0,0.0,0.0,0.0,1.7616119384765625
innermodel,30.0,0.0,98.475914,-10.600768062630491,0.0,0.4158254376406165,08:09,0,0.0,0.0,0.0,1.6084365844726562
innermodel,30.0,0.0,99.62285,-10.086372509092712,0.0,0.40121505540072094,08:12,0,0.0,0.0,0.0,1.1469345092773438
innermodel,30.0,0.0,100.19169,7.046860559031251,0.0,0.3842874059741238,08:15,0,0.0,0.0,0.0,0.5688400268554688
innermodel,30.0,0.0,100.35342,7.012867825517252,0.0,0.3652950246364246,08:18,0,0.0,0.0,0.0,0.1617279052734375
innermodel,30.0,0.0,100.34294,6.999172353667912,0.0,0.3445076174030568,08:21,0,0.0,0.0,0.0,-0.01047515869140625
innermodel,30.0,0.0,100.395164,7.004116881347618,0.0,0.32220878495184285,08:24,0,0.0,0.0,0.0,0.05222320556640625
innermodel,30.0,0.0,100.71665,7.024884200827653,0.0,0.2986928992821281,08:27,0,0.0,0.0,0.0,0.3214874267578125
innermodel,30.0,0.0,101.34374,7.046296045224101,0.0,0.27426215007269344,08:30,0,0.0,0.0,0.0,0.6270904541015625
innermodel,30.0,0.0,102.05746,7.049139171098972,0.0,0.24922377335415175,08:33,0,0.0,0.0,0.0,0.713714599609375
innermodel,30.0,0.0,102.58211,7.033751609742696,0.0,0.22388747124892755,08:36,0,0.0,0.0,0.0,0.5246505737304688
innermodel,30.0,0.0,102.64199,7.003726445193325,0.0,0.1985630281342328,08:39,0,0.0,0.0,0.0,0.05988311767578125
innermodel,30.0,0.0,101.9999,6.958697756193894,0.0,0.1735581256271464,08:42,0,0.0,0.0,0.0,-0.64208984375
innermodel,30.0,0.0,100.64941,6.903248537044933,0.0,0.14917635624740705,08:45,0,0.0,0.0,0.0,-1.350494384765625
innermodel,30.0,0.0,98.930214,-10.678126028212521,0.0,0.12571543345159825,08:48,0,0.0,0.0,0.0,-1.7191925048828125
innermodel,30.0,0.0,97.25898,-11.532287251613482,0.0,0.10346559392025458,08:51,0,0.0,0.0,0.0,-1.671234130859375
innermodel,30.0,0.0,96.05238,-12.105044657417995,0.0,0.08270818648334823,08:54,0,0.0,0.0,0.0,-1.2065963745117188
innermodel,30.0,0.0,95.67261,-12.207588445353437,0.0,0.06371444085863451,08:57,0,0.0,0.0,0.0,-0.3797760009765625
innermodel,30.0,0.0,96.15483,-11.867066917280102,0.0,0.04674440841992745,09:00,0,0.0,0.0,0.0,0.4822235107421875
innermodel,30.0,0.0,97.04382,-11.354310048662722,5.333333333333333,0.03204488971352834,09:03,1,0.0,0.08888888888888888,0.02666666666666666,0.8889923095703125
innermodel,30.0,0.357460081577301,97.777,-11.009746763944184,0.0,0.019813126684302237,09:06,1,0.1,0.08888888888888888,0.02666666666666666,0.7331771850585938
innermodel,30.0,0.0,97.79904,-11.071623663694812,0.0,0.010164533943643202,09:09,1,0.2,0.08888888888888888,0.02666666666666666,0.02204132080078125
innermodel,30.0,0.0,96.64393,-11.771495416532476,0.0,0.0033754145008986717,09:12,1,0.3,0.08888888888888888,0.02666666666666666,-1.1551132202148438
innermodel,30.0,0.0,94.32292,-13.087943129739799,0.0,0.00013262731663521234,09:15,1,0.4,0.08888888888888888,0.02666666666666666,-2.3210067749023438
innermodel,30.0,0.0,91.5549,-14.58956037187978,0.0,0.0015779491302503608,09:18,1,0.5,0.08888888888888888,0.02666666666666666,-2.7680206298828125
innermodel,30.0,0.0,89.21061,-15.760502571663324,0.0,0.009223291016879442,09:21,1,0.6,0.08888888888888888,0.02666666666666666,-2.3442916870117188
innermodel,30.0,0.0,88.15376,-16.09224361445182,0.0,0.024790423734492077,09:24,1,0.7,0.08888888888888888,0.02666666666666666,-1.0568466186523438
innermodel,30.0,0.0,89.15641,-15.209085279257064,0.0,0.05000255531823642,09:27,1,0.8,0.08888888888888888,0.02666666666666666,1.0026473999023438
innermodel,30.0,0.0,92.47639,-13.193750033358427,0.0,0.08635769736173783,09:30,1,0.9,0.08888888888888888,0.02666666666666666,3.319976806640625
innermodel,30.0,0.0,97.60462,-10.539755855838035,0.0,0.1349315169078558,09:33,1,1.0,0.08888888888888888,0.02666666666666666,5.12823486328125
innermodel,30.0,0.1273379772901535,103.85927,7.47796466962337,0.0,0.19626262559178814,09:36,2,0.03333333333333333,0.08888888888888888,0.0,6.254646301269531
innermodel,30.0,0.0,110.557045,7.211623722512163,0.0,0.270342383171689,09:39,2,0.06666666666666667,0.08888888888888888,0.0,6.697776794433594
innermodel,30.0,0.0,117.01508,2.957333801264128,0.0,0.3566824675812159,09:42,2,0.1,0.08888888888888888,0.0,6.458038330078125
innermodel,30.0,0.0,122.552025,2.79955022427049,0.0,0.45441938561310746,09:45,2,0.13333333333333333,0.08888888888888888,0.0,5.5369415283203125
innermodel,30.0,0.0,126.48856,6.777077114526341,0.0,0.5624325522377467,09:48,2,0.16666666666666666,0.08888888888888888,0.0,3.9365386962890625
innermodel,30.0,0.0,128.14774,6.887788145150063,0.0,0.6794557482122467,09:51,2,0.2,0.08888888888888888,0.0,1.6591720581054688
innermodel,30.0,0.0,126.85483,7.088339848470154,0.0,0.8041693685276684,09:54,2,0.23333333333333334,0.08888888888888888,0.0,-1.29290771484375
innermodel,30.0,0.0,124.64527,7.1360604816196815,0.0,0.9352701092928881,09:57,2,0.26666666666666666,0.08888888888888888,0.0,-2.2095565795898438
innermodel,30.0,0.0,125.443184,6.9530842082226485,0.0,1.0715196618797567,10:00,2,0.3,0.08888888888888888,0.0,0.79791259765625
innermodel,30.0,0.0,127.08502,6.895588806425688,0.0,1.2117759712612846,10:03,2,0.3333333333333333,0.08888888888888888,0.0,1.6418380737304688
innermodel,30.0,0.0,129.347,6.839441898004019,0.0,1.3550110124989856,10:06,2,0.36666666666666664,0.08888888888888888,0.0,2.2619781494140625
innermodel,30.0,0.0,132.00636,6.787734822677123,0.0,1.5003186835475746,10:09,2,0.4,0.08888888888888888,0.0,2.65936279296875
highmodel,30.0,0.9327632188796997,134.84128,6.747424696849652,0.0,1.6469154588997115,10:12,2,0.43333333333333335,0.08888888888888888,0.0,2.8349151611328125
highmodel,30.0,0.0,137.6305,6.72667876913918,0.0,1.7941160794570254,10:15,2,0.4666666666666667,0.08888888888888888,0.0,2.789215087890625
highmodel,30.0,0.0,140.15248,-10.343266271389759,0.0,1.9411965369051531,10:18,2,0.5,0.08888888888888888,0.0,2.5219879150390625
highmodel,30.0,0.0,142.18408,-11.320127877308211,0.0,2.087223982808695,10:21,2,0.5333333333333333,0.08888888888888888,0.0,2.0316009521484375
highmodel,30.0,0.0,143.50017,-11.903751244560285,0.0,2.231048545712345,10:24,2,0.5666666666666667,0.08888888888888888,0.0,1.3160858154296875
highmodel,30.0,0.0,143.91707,-12.008154210459637,0.0,2.3713955452228173,10:27,2,0.6,0.08888888888888888,0.0,0.416900634765625
highmodel,30.0,0.0,143.50713,-11.704767230112656,0.0,2.506972050182779,10:30,2,0.6333333333333333,0.08888888888888888,0.0,-0.409942626953125
highmodel,30.0,0.0,142.72754,-11.27217986857117,0.0,2.636557497716056,10:33,2,0.6666666666666666,0.08888888888888888,0.0,-0.7795867919921875
highmodel,30.0,0.0,142.12184,-10.990864847033647,0.0,2.7590704631290404,10:36,2,0.7,0.08888888888888888,0.0,-0.6056976318359375
highmodel,30.0,0.0,142.23471,-11.130336357733848,0.0,2.8736120970163426,10:39,2,0.7333333333333333,0.08888888888888888,0.0,0.1128692626953125
highmodel,30.0,0.0,143.5405,-11.922869290177314,0.0,2.979489879151201,10:42,2,0.7666666666666667,0.08888888888888888,0.0,1.3057861328125
highmodel,30.0,0.0,146.08525,-13.352619803006352,0.0,3.076226147883862,10:45,2,0.8,0.08888888888888888,0.0,2.5447540283203125
highmodel,30.0,0.0,149.2719,-15.046350371724175,0.0,3.1635556543511587,10:48,2,0.8333333333333334,0.08888888888888888,0.0,3.1866455078125
highmodel,30.0,0.0,152.36131,-16.600618957548814,0.0,3.241415794514438,10:51,2,0.8666666666666667,0.08888888888888888,0.0,3.08941650390625
highmodel,30.0,0.0,154.61536,-17.626962643097198,0.0,3.3099324906746013,10:54,2,0.9,0.08888888888888888,0.0,2.2540435791015625
highmodel,30.0,0.0,155.37032,-17.79442005725013,0.0,3.369404053137032,10:57,2,0.9333333333333333,0.08888888888888888,0.0,0.7549591064453125
highmodel,30.0,0.0,154.40437,-17.062595566517214,0.0,3.4202847721321277,11:00,2,0.9666666666666667,0.08888888888888888,0.0,-0.9659423828125
highmodel,30.0,0.0,152.15921,-15.604208054238041,31.666666666666668,3.463376204779935,11:03,1,0.0,0.5277777777777778,0.15833333333333333,-2.2451629638671875
highmodel,30.0,0.8227725028991699,149.23259,-14.060901842553815,0.0,3.5015955094252598,11:06,1,0.1,0.5277777777777778,0.15833333333333333,-2.9266204833984375
highmodel,30.0,0.0,146.23846,-12.574879844790015,0.0,3.539988358758481,11:09,1,0.2,0.5277777777777778,0.15833333333333333,-2.9941253662109375
highmodel,30.0,0.0,143.7643,-11.421247171386053,0.0,3.5850380649203064,11:12,1,0.3,0.5277777777777778,0.15833333333333333,-2.4741668701171875
highmodel,30.0,0.0,142.18845,-10.751339532235487,0.0,3.645194842229829,11:15,1,0.4,0.5277777777777778,0.15833333333333333,-1.5758514404296875
highmodel,30.0,0.0,141.57117,-10.556752219658152,0.0,3.731014122272398,11:18,1,0.5,0.5277777777777778,0.15833333333333333,-0.617279052734375
highmodel,30.0,0.0,141.91032,-10.835436660155855,0.0,3.855025113076594,11:21,1,0.6,0.5277777777777778,0.15833333333333333,0.3391571044921875
highmodel,30.0,0.0,143.21098,-11.59805870017967,0.0,4.031423587497748,11:24,1,0.7,0.5277777777777778,0.15833333333333333,1.3006591796875
highmodel,30.0,0.0,145.47713,-12.853606872967076,0.0,4.2744334874370615,11:27,1,0.8,0.5277777777777778,0.15833333333333333,2.266143798828125
highmodel,30.0,0.0,148.70306,-14.604153147721526,0.0,4.595785233026135,11:30,1,0.9,0.5277777777777778,0.15833333333333333,3.2259368896484375
highmodel,30.0,0.0,152.86588,-16.840119640596637,0.0,5.003023180988996,11:33,1,1.0,0.5277777777777778,0.15833333333333333,4.162811279296875
highmodel,30.0,0.29770833253860474,157.90906,-16.688151890590554,0.0,5.498400610309432,11:36,2,0.03333333333333333,0.5277777777777778,0.0,5.043182373046875
highmodel,30.0,0.0,163.74109,-26.778327680610648,0.0,6.078414551744769,11:39,2,0.06666666666666667,0.5277777777777778,0.0,5.83203125
highmodel,30.0,0.0,170.23228,-30.192670321275294,0.0,6.734229999129321,11:42,2,0.1,0.5277777777777778,0.0,6.4911956787109375
highmodel,30.0,0.0,177.17311,-33.80488994067686,0.0,7.452966040807619,11:45,2,0.13333333333333333,0.5277777777777778,0.0,6.940826416015625
highmodel,30.0,0.0,184.25432,-37.432112187030654,0.0,8.219453331460109,11:48,2,0.16666666666666666,0.5277777777777778,0.0,7.081207275390625
highmodel,30.0,0.0,191.15001,-40.89773343228989,0.0,9.017911576949158,11:51,2,0.2,0.5277777777777778,0.0,6.89569091796875
highmodel,30.0,0.0,197.54434,-44.03847083674153,0.0,9.833208524404428,11:54,2,0.23333333333333334,0.5277777777777778,0.0,6.3943328857421875
highmodel,30.0,0.0,203.15529,-46.716403505716315,0.0,10.65154404709807,11:57,2,0.26666666666666666,0.5277777777777778,0.0,5.6109466552734375
highmodel,30.0,0.0,207.84297,-44.890452102732965,0.0,11.460962510296335,12:00,2,0.3,0.5277777777777778,0.0,4.68768310546875
highmodel,30.0,0.0,211.67444,-46.63996013867924,0.0,12.251624531648115,12:03,2,0.3333333333333333,0.5277777777777778,0.0,3.8314666748046875
highmodel,30.0,0.0,214.77083,-48.04065976105777,0.0,13.015735025921892,12:06,2,0.36666666666666664,0.5277777777777778,0.0,3.0963897705078125
highmodel,30.0,0.0,217.2624,-49.162408710714644,0.0,13.74736345365045,12:09,2,0.4,0.5277777777777778,0.0,2.4915771484375
highmodel,30.0,1.9906193017959595,219.28687,-47.077501249869336,0.0,14.442218307912874,12:12,2,0.43333333333333335,0.5277777777777778,0.0,2.0244598388671875
highmodel,30.0,0.0,220.98756,-50.86005868580811,0.0,15.097309865115019,12:15,2,0.4666666666666667,0.5277777777777778,0.0,1.7006988525390625
highmodel,30.0,0.0,222.51044,-51.58441058661924,0.0,15.710103787480028,12:18,2,0.5,0.5277777777777778,0.0,1.5228729248046875
highmodel,30.0,0.0,223.9998,-52.322921191512904,0.0,16.277632376328764,12:21,2,0.5333333333333333,0.5277777777777778,0.0,1.4893646240234375
highmodel,30.0,0.0,225.5969,-53.14596598787416,0.0,16.796467634547717,12:24,2,0.5666666666666667,0.5277777777777778,0.0,1.5970916748046875
highmodel,30.0,0.0,226.7782,-53.646879778559594,0.0,17.263139695378143,12:27,2,0.6,0.5277777777777778,0.0,1.181304931640625
highmodel,30.0,0.0,226.95348,-53.51503764908405,0.0,17.674560024326563,12:30,2,0.6333333333333333,0.5277777777777778,0.0,0.1752777099609375
highmodel,30.0,0.0,227.37608,-53.78044197682854,0.0,18.028327175469098,12:33,2,0.6666666666666666,0.5277777777777778,0.0,0.422607421875
highmodel,30.0,0.0,227.94925,-54.1000656290861,0.0,18.322904874897677,12:36,2,0.7,0.5277777777777778,0.0,0.5731658935546875
highmodel,30.0,0.0,228.57985,-54.42809376178201,0.0,18.557695440803244,12:39,2,0.7333333333333333,0.5277777777777778,0.0,0.6305999755859375
highmodel,30.0,0.0,229.17848,-54.72056212103851,0.0,18.73303806847607,12:42,2,0.7666666666666667,0.5277777777777778,0.0,0.5986328125
highmodel,30.0,0.0,229.65941,-54.93531064706886,0.0,18.85015853225153,12:45,2,0.8,0.5277777777777778,0.0,0.480926513671875
highmodel,30.0,0.0,229.94023,-55.031821925431785,0.0,18.9110912061729,12:48,2,0.8333333333333334,0.5277777777777778,0.0,0.28082275390625
highmodel,30.0,0.0,229.94151,-54.97103942032966,0.0,18.918588728876177,12:51,2,0.8666666666666667,0.5277777777777778,0.0,0.00128173828125
highmodel,30.0,0.0,229.58652,-54.71525535437339,0.0,18.876030092238572,12:54,2,0.9,0.5277777777777778,0.0,-0.3549957275390625
highmodel,30.0,0.0,228.8174,-54.239877718847616,0.0,18.787334588378833,12:57,2,0.9333333333333333,0.5277777777777778,0.0,-0.7691192626953125
highmodel,30.0,0.0,227.67804,-53.58938576383363,0.0,18.656886753412834,13:00,2,0.9666666666666667,0.5277777777777778,0.0,-1.1393585205078125
highmodel,30.0,0.0,226.36372,-52.89457791522879,0.0,18.489475910805297,13:03,2,1.0,0.5277777777777778,0.0,-1.3143157958984375
highmodel,30.0,1.2464821338653564,225.10454,-52.17219077473797,0.0,18.290251664379664,13:06,3,0.025,0.5277777777777778,0.10555555555555557,-1.259185791015625
highmodel,30.0,0.0,224.13193,-51.748851188561154,0.0,18.064633157549085,13:09,3,0.05,0.5277777777777778,0.10555555555555557,-0.9726104736328125
highmodel,30.0,0.0,223.65172,-51.61601378735508,0.0,17.8179178915804,13:12,3,0.075,0.5277777777777778,0.10555555555555557,-0.4802093505859375
highmodel,30.0,0.0,223.71352,-51.870171512505024,0.0,17.554898970090015,13:15,3,0.1,0.5277777777777778,0.0,0.061798095703125
highmodel,30.0,0.0,224.13304,-52.15764027197012,0.0,17.2800057516779,13:18,3,0.125,0.5277777777777778,0.0,0.419525146484375
highmodel,30.0,0.0,224.6739,-52.45454394571999,0.0,16.997606574678947,13:21,3,0.15,0.5277777777777778,0.0,0.540863037109375
highmodel,30.0,0.0,225.09993,-52.642684476575994,0.0,16.712114710187468,13:24,3,0.175,0.5277777777777778,0.0,0.426025390625
highmodel,30.0,0.0,225.19687,-52.61954287797656,0.0,16.427761506393285,13:27,3,0.2,0.5277777777777778,0.0,0.0969390869140625
highmodel,30.0,0.0,224.88106,-52.266219461656455,0.0,16.14806568433448,13:30,3,0.225,0.5277777777777778,0.10555555555555557,-0.3158111572265625
highmodel,30.0,0.0,224.26308,-51.89157634499614,0.0,15.875219627221798,13:33,3,0.25,0.5277777777777778,0.10555555555555557,-0.61798095703125
highmodel,30.0,0.6246944665908813,223.49052,-51.47192818235021,0.0,15.609705678915438,13:36,3,0.275,0.5277777777777778,0.10555555555555557,-0.772552490234375
highmodel,30.0,0.0,222.70299,-51.07519312812491,0.0,15.350293139232114,13:39,3,0.3,0.5277777777777778,0.10555555555555557,-0.78753662109375
highmodel,30.0,0.0,222.01201,-50.75087908578078,0.0,15.094241378016463,13:42,3,0.325,0.5277777777777778,0.10555555555555557,-0.69097900390625
highmodel,30.0,0.0,221.39919,-50.461579624112254,0.0,14.837664694919647,13:45,3,0.35,0.5277777777777778,0.10555555555555557,-0.612823486328125
highmodel,30.0,0.0,220.65665,-50.06251838027397,0.0,14.576129748233237,13:48,3,0.375,0.5277777777777778,0.10555555555555557,-0.7425384521484375
highmodel,30.0,0.0,219.53426,-49.419865178150786,0.0,14.305247281470528,13:51,3,0.4,0.5277777777777778,0.10555555555555557,-1.1223907470703125
highmodel,30.0,0.0,217.78314,-48.4102030959002,0.0,14.021107007926839,13:54,3,0.425,0.5277777777777778,0.10555555555555557,-1.7511138916015625
highmodel,30.0,0.0,215.19423,-46.938933325311304,0.0,13.720542637159276,13:57,3,0.45,0.5277777777777778,0.10555555555555557,-2.5889129638671875
highmodel,30.0,0.0,211.7838,-45.06412082150605,0.0,13.401258325441228,14:00,3,0.475,0.5277777777777778,0.10555555555555557,-3.410430908203125
highmodel,30.0,0.0,207.90474,-43.033892800941096,0.0,13.06185307356072,14:03,3,0.5,0.5277777777777778,0.10555555555555557,-3.879058837890625
highmodel,30.0,0.0,203.98752,-41.077278687051844,0.0,12.701729774209445,14:06,3,0.525,0.5277777777777778,0.10555555555555557,-3.9172210693359375
highmodel,30.0,0.0,200.46582,-39.407598087553275,0.0,12.321002113633066,14:09,3,0.55,0.5277777777777778,0.10555555555555557,-3.521697998046875
highmodel,30.0,0.2923242449760437,197.73672,-38.21153455623998,0.0,11.920491345676576,14:12,3,0.575,0.5277777777777778,0.10555555555555557,-2.729095458984375
highmodel,30.0,0.0,195.96165,-37.51992770480932,0.0,11.501607251157306,14:15,3,0.6,0.5277777777777778,0.10555555555555557,-1.7750701904296875
highmodel,30.0,0.0,194.94635,-37.165557446813786,0.0,11.066156842885178,14:18,3,0.625,0.5277777777777778,0.10555555555555557,-1.0153045654296875
highmodel,30.0,0.0,194.41832,-36.998864481309035,0.0,10.61616747958136,14:21,3,0.65,0.5277777777777778,0.10555555555555557,-0.5280303955078125
highmodel,30.0,0.0,194.10574,-36.885429202948764,0.0,10.153823220060687,14:24,3,0.675,0.5277777777777778,0.10555555555555557,-0.3125762939453125
highmodel,30.0,0.0,193.75066,-36.69957404276687,0.0,9.681451567757183,14:27,3,0.7,0.5277777777777778,0.10555555555555557,-0.3550872802734375
highmodel,30.0,0.0,193.17485,-36.36826929488069,0.0,9.201507762740299,14:30,3,0.725,0.5277777777777778,0.10555555555555557,-0.5758056640625
highmodel,30.0,0.0,192.31932,-35.88586566924819,0.0,8.716546197157612,14:33,3,0.75,0.5277777777777778,0.10555555555555557,-0.85552978515625
highmodel,30.0,0.0,191.15192,-35.241907352444365,0.0,8.229181324850328,14:36,3,0.775,0.5277777777777778,0.10555555555555557,-1.1674041748046875
highmodel,30.0,0.0,189.6408,-34.420957531756066,0.0,7.742042979681321,14:39,3,0.8,0.5277777777777778,0.10555555555555557,-1.5111236572265625
highmodel,30.0,0.0,187.75426,-33.40776812339057,0.0,7.257730574202625,14:42,3,0.825,0.5277777777777778,0.10555555555555557,-1.88653564453125
highmodel,30.0,0.0,185.46065,-32.187263478795686,0.0,6.7787694615226615,14:45,3,0.85,0.5277777777777778,0.10555555555555557,-2.293609619140625
highmodel,30.0,0.0,182.72812,-30.744498552771546,0.0,6.30757156979047,14:48,3,0.875,0.5277777777777778,0.10555555555555557,-2.7325286865234375
highmodel,30.0,0.0,179.52458,-29.064720635101004,0.0,5.846401486759152,14:51,3,0.9,0.5277777777777778,0.10555555555555557,-3.2035369873046875
highmodel,30.0,0.0,175.81754,-27.13341623477404,0.0,5.3973485052434835,14:54,3,0.925,0.5277777777777778,0.10555555555555557,-3.7070465087890625
highmodel,30.0,0.0,171.46414,-24.862569252960107,0.0,4.962304695023217,14:57,3,0.95,0.5277777777777778,0.10555555555555557,-4.3533935546875
highmodel,30.0,0.0,166.62302,-22.387868983601415,0.0,4.542948785829568,15:00,3,0.975,0.5277777777777778,0.10555555555555557,-4.84112548828125
highmodel,30.0,0.0,162.10776,-20.218204982569514,11.666666666666666,4.1407325830997515,15:03,3,1.0,0.5277777777777778,0.10555555555555557,-4.5152587890625
highmodel,30.0,0.227833554148674,157.95677,-18.27968653352861,0.0,3.7572175964489647,15:06,1,0.1,0.19444444444444445,0.058333333333333334,-4.1509857177734375
highmodel,30.0,0.0,154.21663,-16.500671531403732,0.0,3.395533793026046,15:09,1,0.2,0.19444444444444445,0.058333333333333334,-3.740142822265625
highmodel,30.0,0.0,150.95145,-14.961095973680838,0.0,3.0610510407137337,15:12,1,0.3,0.19444444444444445,0.058333333333333334,-3.2651824951171875
highmodel,30.0,0.0,148.24084,-13.700981757833143,0.0,2.759871370990938,15:15,1,0.4,0.19444444444444445,0.058333333333333334,-2.710601806640625
highmodel,30.0,0.0,146.16716,-12.760485997585306,0.0,2.4966811434195684,15:18,1,0.5,0.19444444444444445,0.058333333333333334,-2.0736846923828125
highmodel,30.0,0.0,144.80405,-12.175336059589812,0.0,2.273826360893189,15:21,1,0.6,0.19444444444444445,0.058333333333333334,-1.3631134033203125
highmodel,30.0,0.0,144.21114,-11.975456203701443,0.0,2.0913091013745246,15:24,1,0.7,0.19444444444444445,0.058333333333333334,-0.5929107666015625
highmodel,30.0,0.0,144.40933,-12.170227119748969,0.0,1.947167875380661,15:27,1,0.8,0.19444444444444445,0.058333333333333334,0.1981964111328125
highmodel,30.0,0.0,145.2669,-12.679655124812008,0.0,1.837959987792439,15:30,1,0.9,0.19444444444444445,0.058333333333333334,0.857574462890625
highmodel,30.0,0.0,146.43275,-13.303081278594016,0.0,1.7592595068501915,15:33,1,1.0,0.19444444444444445,0.058333333333333334,1.1658477783203125
highmodel,30.0,0.19308272004127502,147.49869,-13.884839541937875,0.0,1.7061665489258735,15:36,2,0.03333333333333333,0.19444444444444445,0.0,1.0659332275390625
highmodel,30.0,0.0,148.04964,-14.095909838509368,0.0,1.6737817519715528,15:39,2,0.06666666666666667,0.19444444444444445,0.0,0.5509490966796875
highmodel,30.0,0.0,147.71161,-13.812102075714176,0.0,1.6575490030146554,15:42,2,0.1,0.19444444444444445,0.0,-0.3380279541015625
highmodel,30.0,0.0,146.37231,-13.015672967442402,0.0,1.6534393821028712,15:45,2,0.13333333333333333,0.19444444444444445,0.0,-1.33929443359375
highmodel,30.0,0.0,144.31369,-11.90332905887317,0.0,1.6580259280321914,15:48,2,0.16666666666666666,0.19444444444444445,0.0,-2.058624267578125
highmodel,30.0,0.0,141.90918,-10.672163868591653,0.0,1.6684831658686368,15:51,2,0.2,0.19444444444444445,0.0,-2.404510498046875
highmodel,30.0,0.0,139.53734,7.263378495777573,0.0,1.6825417909586762,15:54,2,0.23333333333333334,0.19444444444444445,0.0,-2.3718414306640625
highmodel,30.0,0.0,137.5553,7.2078938408650925,0.0,1.6984237533563598,15:57,2,0.26666666666666666,0.19444444444444445,0.0,-1.9820404052734375
highmodel,30.0,0.0,136.1675,7.138655205957118,0.0,1.7147727203970187,16:00,2,0.3,0.19444444444444445,0.0,-1.3878021240234375
highmodel,30.0,0.0,135.34659,7.079249554856897,0.0,1.7305873976422461,16:03,2,0.3333333333333333,0.19444444444444445,0.0,-0.8209075927734375
highmodel,30.0,0.0,135.01591,7.03133064257865,0.0,1.7451609484182804,16:06,2,0.36666666666666664,0.19444444444444445,0.0,-0.3306732177734375
highmodel,30.0,0.0,135.10121,6.991951403551647,0.0,1.7580275975880821,16:09,2,0.4,0.19444444444444445,0.0,0.085296630859375
highmodel,30.0,0.4029669761657715,135.53374,6.958833758875079,0.0,1.7689163464995097,16:12,2,0.43333333333333335,0.19444444444444445,0.0,0.432525634765625
highmodel,30.0,0.0,136.26788,6.928799963011473,0.0,1.7777037608625674,16:15,2,0.4666666666666667,0.19444444444444445,0.0,0.7341461181640625
highmodel,30.0,0.0,137.29128,6.898003724115254,0.0,1.7843340859726573,16:18,2,0.5,0.19444444444444445,0.0,1.0233917236328125
highmodel,30.0,0.0,138.59888,6.865136078091767,0.0,1.7887427252006713,16:21,2,0.5333333333333333,0.19444444444444445,0.0,1.3076019287109375
highmodel,30.0,0.0,140.18549,-10.263021240172808,0.0,1.790848900929216,16:24,2,0.5666666666666667,0.19444444444444445,0.0,1.58660888671875
highmodel,30.0,0.0,142.03099,-11.222391110232977,0.0,1.7905818675938712,16:27,2,0.6,0.19444444444444445,0.0,1.8455047607421875
highmodel,30.0,0.0,144.02641,-12.247158757689071,0.0,1.7879067823285701,16:30,2,0.6333333333333333,0.19444444444444445,0.0,1.99542236328125
highmodel,30.0,0.0,145.92937,-13.197298516312006,0.0,1.78284183686909,16:33,2,0.6666666666666666,0.19444444444444445,0.0,1.9029541015625
highmodel,30.0,0.0,147.46832,-13.928793355646707,0.0,1.7754666140436228,16:36,2,0.7,0.19444444444444445,0.0,1.5389556884765625
highmodel,30.0,0.0,148.37225,-14.303074299038776,0.0,1.7659238071642356,16:39,2,0.7333333333333333,0.19444444444444445,0.0,0.9039306640625
highmodel,30.0,0.0,148.40746,-14.208319208483122,0.0,1.7544166802317707,16:42,2,0.7666666666666667,0.19444444444444445,0.0,0.0352020263671875
highmodel,30.0,0.0,147.56143,-13.671132580150669,0.0,1.7412042887930097,16:45,2,0.8,0.19444444444444445,0.0,-0.8460235595703125
highmodel,30.0,0.0,146.15327,-12.898010070153154,0.0,1.7265960127748101,16:48,2,0.8333333333333334,0.19444444444444445,0.0,-1.4081573486328125
highmodel,30.0,0.0,144.57608,-12.093722307545265,0.0,1.710946546948822,16:51,2,0.8666666666666667,0.19444444444444445,0.0,-1.5771942138671875
highmodel,30.0,0.0,143.22339,-11.450036156640648,0.0,1.6946521968000827,16:54,2,0.9,0.19444444444444445,0.0,-1.352691650390625
highmodel,30.0,0.0,142.45503,-11.137805004428238,0.0,1.6781491269779587,16:57,2,0.9333333333333333,0.19444444444444445,0.0,-0.7683563232421875
highmodel,30.0,0.0,142.4267,-11.210069964176796,0.0,1.6619140626332105,17:00,2,0.9666666666666667,0.19444444444444445,0.0,-0.0283355712890625
highmodel,30.0,0.0,142.9877,-11.559156420175144,0.0,1.6464677629865898,17:03,2,1.0,0.19444444444444445,0.0,0.561004638671875
highmodel,30.0,0.8693236112594604,143.91966,-12.070138239101116,0.0,1.6323809151368502,17:06,3,0.025,0.19444444444444445,0.0,0.9319610595703125
highmodel,30.0,0.0,145.00468,-12.633569214082915,0.0,1.620265025370991,17:09,3,0.05,0.19444444444444445,0.0,1.08502197265625
highmodel,30.0,0.0,146.02475,-13.138436945740649,0.0,1.610678754707433,17:12,3,0.075,0.19444444444444445,0.0,1.0200653076171875
highmodel,30.0,0.0,146.76077,-13.472927783559332,0.0,1.6040214917848346,17:15,3,0.1,0.19444444444444445,0.0,0.73602294921875
highmodel,30.0,0.0,146.99208,-13.525394163665057,0.0,1.6005407084690901,17:18,3,0.125,0.19444444444444445,0.0,0.2313079833984375
highmodel,30.0,0.0,146.49677,-13.14679590286712,0.0,1.6003610220549034,17:21,3,0.15,0.19444444444444445,0.03888888888888889,-0.4953155517578125
highmodel,30.0,0.0,145.05162,-12.307405460284457,0.0,1.6034622862086798,17:24,3,0.175,0.19444444444444445,0.03888888888888889,-1.4451446533203125
highmodel,30.0,0.0,143.91924,-11.783706653417987,0.0,1.6096184057742613,17:27,3,0.2,0.19444444444444445,0.03888888888888889,-1.13238525390625
highmodel,30.0,0.0,144.70932,-12.449922036034021,0.0,1.6183480866138742,17:30,3,0.225,0.19444444444444445,0.0,0.7900848388671875
highmodel,30.0,0.0,145.01897,-12.547248248436695,0.0,1.6289188911235506,17:33,3,0.25,0.19444444444444445,0.0,0.3096466064453125
highmodel,30.0,0.3770599365234375,144.9266,-12.413124245254767,0.0,1.640406859467503,17:36,3,0.275,0.19444444444444445,0.03888888888888889,-0.0923614501953125
highmodel,30.0,0.0,144.50949,-12.165136906659136,0.0,1.6517787141619564,17:39,3,0.3,0.19444444444444445,0.03888888888888889,-0.4171142578125
highmodel,30.0,0.0,143.84424,-11.80325406675432,0.0,1.6619389708689505,17:42,3,0.325,0.19444444444444445,0.03888888888888889,-0.665252685546875
highmodel,30.0,0.0,143.00723,-11.36571948206785,0.0,1.669759321538749,17:45,3,0.35,0.19444444444444445,0.03888888888888889,-0.837005615234375
highmodel,30.0,0.0,142.07498,-10.890488998617132,0.0,1.6741475841041709,17:48,3,0.375,0.19444444444444445,0.03888888888888889,-0.9322509765625
highmodel,30.0,0.0,141.1248,-10.415712805726956,0.0,1.6741246581000508,17:51,3,0.4,0.19444444444444445,0.03888888888888889,-0.9501800537109375
highmodel,30.0,0.0,140.23532,-9.980095054342028,0.0,1.6688814618715382,17:54,3,0.425,0.19444444444444445,0.03888888888888889,-0.8894805908203125
highmodel,30.0,0.0,139.48099,7.120844722681215,0.0,1.6578118723597717,17:57,3,0.45,0.19444444444444445,0.03888888888888889,-0.75433349609375
highmodel,30.0,0.0,138.9032,7.100571905360175,0.0,1.6405250964233584,18:00,3,0.475,0.19444444444444445,0.03888888888888889,-0.577789306640625
highmodel,30.0,0.0,138.49294,7.082105262098737,0.0,1.616842410924352,18:03,3,0.5,0.19444444444444445,0.03888888888888889,-0.4102630615234375
highmodel,30.0,0.0,138.23114,7.066210556379031,0.0,1.5867829357648033,18:06,3,0.525,0.19444444444444445,0.03888888888888889,-0.2617950439453125
highmodel,30.0,0.0,138.10016,7.052483889363597,0.0,1.550542320259628,18:09,3,0.55,0.19444444444444445,0.03888888888888889,-0.1309814453125
highmodel,30.0,0.18141832947731018,138.07973,7.041005558685522,0.0,1.5084673204814836,18:12,3,0.575,0.19444444444444445,0.03888888888888889,-0.0204315185546875
highmodel,30.0,0.0,138.12775,6.995023351012188,0.0,1.4610253172391192,18:15,3,0.6,0.19444444444444445,0.0,0.0480194091796875
highmodel,30.0,0.0,138.16864,6.995757724897406,0.0,1.4087578853204552,18:18,3,0.625,0.19444444444444445,0.0,0.0408935546875
highmodel,30.0,0.0,138.11948,7.043988436209604,0.0,1.3522368769987272,18:21,3,0.65,0.19444444444444445,0.03888888888888889,-0.049163818359375
highmodel,30.0,0.0,137.89745,7.061831410944366,0.0,1.2920509831939007,18:24,3,0.675,0.19444444444444445,0.03888888888888889,-0.2220306396484375
highmodel,30.0,0.0,137.43413,7.086295024904161,0.0,1.2288059221871745,18:27,3,0.7,0.19444444444444445,0.03888888888888889,-0.46331787109375
highmodel,30.0,0.0,136.74693,7.10802344877099,0.0,1.1631236089709045,18:30,3,0.725,0.19444444444444445,0.03888888888888889,-0.68719482421875
highmodel,30.0,0.0,135.98193,7.114169508122153,0.0,1.095637277367339,18:33,3,0.75,0.19444444444444445,0.03888888888888889,-0.7649993896484375
highmodel,30.0,0.0,135.31396,7.103149463904005,0.0,1.0269831808134147,18:36,3,0.775,0.19444444444444445,0.03888888888888889,-0.66796875
highmodel,30.0,0.0,134.918,7.0763242890634945,0.0,0.9577903040106357,18:39,3,0.8,0.19444444444444445,0.03888888888888889,-0.395965576171875
highmodel,30.0,0.0,134.93953,6.99797685833964,0.0,0.8886694449797251,18:42,3,0.825,0.19444444444444445,0.0,0.0215301513671875
highmodel,30.0,0.0,135.34644,6.961494921071154,0.0,0.8202027056398495,18:45,3,0.85,0.19444444444444445,0.0,0.4069061279296875
highmodel,30.0,0.0,135.84012,6.952590103454353,0.0,0.7529340867206619,18:48,3,0.875,0.19444444444444445,0.0,0.493682861328125
highmodel,30.0,0.0,136.0627,6.978379117279223,0.0,0.687361596074823,18:51,3,0.9,0.19444444444444445,0.0,0.2225799560546875
highmodel,30.0,0.0,135.65617,7.078263023530268,0.0,0.6239310638749583,18:54,3,0.925,0.19444444444444445,0.03888888888888889,-0.406524658203125
highmodel,30.0,0.0,134.30133,7.166386818902892,0.0,0.5630317066098253,18:57,3,0.95,0.19444444444444445,0.03888888888888889,-1.3548431396484375
highmodel,30.0,0.0,131.91197,7.249299384611432,0.0,0.5049933807608877,19:00,3,0.975,0.19444444444444445,0.03888888888888889,-2.3893585205078125
highmodel,30.0,0.0,128.75148,7.365078082675953,0.0,0.45008540329635255,19:03,3,1.0,0.19444444444444445,0.11666666666666667,-3.160491943359375
innermodel,30.0,0.0,125.16083,7.237763090261716,0.0,0.3985167788047294,19:06,0,0.0,0.0,0.0,-3.5906524658203125
innermodel,30.0,0.0,121.48072,7.190286149556246,0.0,0.35043765403314503,19:09,0,0.0,0.0,0.0,-3.6801071166992188
innermodel,30.0,0.0,118.03207,7.124731033503577,0.0,0.30594181393416914,19:12,0,0.0,0.0,0.0,-3.4486541748046875
innermodel,30.0,0.0,115.01805,7.062794272275532,0.0,0.2650700349690475,19:15,0,0.0,0.0,0.0,-3.0140151977539062
innermodel,30.0,0.0,112.465416,7.016780109088702,0.0,0.2278141185545855,19:18,0,0.0,0.0,0.0,-2.5526351928710938
innermodel,30.0,0.0,110.36148,6.987012752227434,0.0,0.19412143825130787,19:21,0,0.0,0.0,0.0,-2.1039352416992188
innermodel,30.0,0.0,108.69336,6.971497773030403,0.0,0.16389984724931625,19:24,0,0.0,0.0,0.0,-1.668121337890625
innermodel,30.0,0.0,107.44636,6.9676973314111414,0.0,0.13702280699444702,19:27,0,0.0,0.0,0.0,-1.2470016479492188
innermodel,30.0,0.0,106.59616,6.972398097000327,0.0,0.11333461275590731,19:30,0,0.0,0.0,0.0,-0.8501968383789062
innermodel,30.0,0.0,106.10412,6.981910873212276,0.0,0.09265560709244129,19:33,0,0.0,0.0,0.0,-0.49204254150390625
innermodel,30.0,0.0,105.92826,6.993153286416955,0.0,0.07478728717303529,19:36,0,0.0,0.0,0.0,-0.1758575439453125
innermodel,30.0,0.0,106.026405,7.0038460226893235,0.0,0.05951722648174341,19:39,0,0.0,0.0,0.0,0.09814453125
innermodel,30.0,0.0,106.35623,7.012464833315215,0.0,0.046623745379570154,19:42,0,0.0,0.0,0.0,0.32982635498046875
innermodel,30.0,0.0,106.875244,7.018192273423842,0.0,0.03588027815182988,19:45,0,0.0,0.0,0.0,0.519012451171875
innermodel,30.0,0.0,107.54079,7.020818378271802,0.0,0.027059396419714457,19:48,0,0.0,0.0,0.0,0.6655426025390625
innermodel,30.0,0.0,108.31009,7.020610423544814,0.0,0.01993646005496759,19:51,0,0.0,0.0,0.0,0.7693023681640625
innermodel,30.0,0.0,109.14024,7.018170059485246,0.0,0.014292876950585613,19:54,0,0.0,0.0,0.0,0.8301544189453125
innermodel,30.0,0.0,110.938416,7.0253004608328995,0.0,0.009918962137572653,19:57,0,0.0,0.0,0.0,1.7981719970703125
innermodel,30.0,0.0,113.98839,7.001074138175491,0.0,0.0066163947891209425,20:00,0,0.0,0.0,0.0,3.0499725341796875
innermodel,30.0,0.0,115.2379,7.0476957242851155,12.333333333333334,0.004200679508036727,20:03,1,0.0,0.20555555555555557,0.06166666666666667,1.24951171875
innermodel,30.0,0.4169003367424011,115.05894,7.064163523668946,0.0,0.002515154589704999,20:06,1,0.1,0.20555555555555557,0.06166666666666667,-0.17896270751953125
innermodel,30.0,0.0,113.832085,7.074313763996335,0.0,0.0014555269867717066,20:09,1,0.2,0.20555555555555557,0.06166666666666667,-1.2268524169921875
innermodel,30.0,0.0,111.95582,7.065485003171141,0.0,0.0009404699443575136,20:12,1,0.3,0.20555555555555557,0.06166666666666667,-1.8762664794921875
innermodel,30.0,0.0,109.84543,7.042484044525812,0.0,0.0009171822222232193,20:15,1,0.4,0.20555555555555557,0.06166666666666667,-2.1103897094726562
innermodel,30.0,0.0,107.92067,7.021338791920014,0.0,0.001562772616976562,20:18,1,0.5,0.20555555555555557,0.06166666666666667,-1.9247589111328125
innermodel,30.0,0.0,106.59364,7.020556499156619,0.0,0.003639578973222248,20:21,1,0.6,0.20555555555555557,0.06166666666666667,-1.3270263671875
innermodel,30.0,0.0,106.262825,7.049671691276689,0.0,0.008788337487133074,20:24,1,0.7,0.20555555555555557,0.06166666666666667,-0.33081817626953125
innermodel,30.0,0.0,107.27147,7.0960486586193845,0.0,0.019580117744027806,20:27,1,0.8,0.20555555555555557,0.06166666666666667,1.0086441040039062
innermodel,30.0,0.0,109.7104,7.118613237463059,0.0,0.039256585867456166,20:30,1,0.9,0.20555555555555557,0.06166666666666667,2.438934326171875
innermodel,30.0,0.0,113.301,7.082150040264968,0.0,0.07121282777127522,20:33,1,1.0,0.20555555555555557,0.06166666666666667,3.5905990600585938
innermodel,30.0,0.19223952293395996,117.674065,6.931878823195349,0.0,0.11839445312910524,20:36,2,0.03333333333333333,0.20555555555555557,0.0,4.3730621337890625
innermodel,30.0,0.0,122.4531,6.820732328015125,0.0,0.1828218379119773,20:39,2,0.06666666666666667,0.20555555555555557,0.0,4.7790374755859375
innermodel,30.0,0.0,127.27364,6.720499625354608,0.0,0.2653658484598595,20:42,2,0.1,0.20555555555555557,0.0,4.8205413818359375
innermodel,30.0,0.0,131.8596,6.652186896736268,0.0,0.36576970385159147,20:45,2,0.13333333333333333,0.20555555555555557,0.0,4.585960388183594
highmodel,30.0,0.0,136.0693,6.617674572943336,0.0,0.4828433169457046,20:48,2,0.16666666666666666,0.20555555555555557,0.0,4.2097015380859375
highmodel,30.0,0.0,139.7951,6.615997350727773,0.0,0.6147334392977345,20:51,2,0.2,0.20555555555555557,0.0,3.725799560546875
highmodel,30.0,0.0,142.93462,-11.821415697891588,0.0,0.7591934839304569,20:54,2,0.23333333333333334,0.20555555555555557,0.0,3.1395111083984375
highmodel,30.0,0.0,145.3954,-12.99342952746725,0.0,0.9138120927416521,20:57,2,0.26666666666666666,0.20555555555555557,0.0,2.460784912109375
highmodel,30.0,0.0,147.11867,-13.77542965203191,0.0,1.0761864193268431,21:00,2,0.3,0.20555555555555557,0.0,1.7232666015625
highmodel,30.0,0.0,148.0934,-14.172084934188288,0.0,1.2440417345465313,21:03,2,0.3333333333333333,0.20555555555555557,0.0,0.9747314453125
highmodel,30.0,1.1244275569915771,148.32144,-14.190378351915252,0.0,1.415305654542692,21:06,2,0.36666666666666664,0.20555555555555557,0.0,0.2280426025390625
highmodel,30.0,0.0,147.80714,-13.836860698315352,0.0,1.588125205897806,21:09,2,0.4,0.20555555555555557,0.0,-0.5142974853515625
highmodel,30.0,0.0,146.57848,-13.132391386126404,0.0,1.7607344926266235,21:12,2,0.43333333333333335,0.20555555555555557,0.0,-1.228668212890625
highmodel,30.0,0.0,144.79771,-12.178035381831698,0.0,1.9312638222642962,21:15,2,0.4666666666666667,0.20555555555555557,0.0,-1.78076171875
highmodel,30.0,0.0,142.82835,-11.179270149247964,0.0,2.0977207822050774,21:18,2,0.5,0.20555555555555557,0.0,-1.9693603515625
highmodel,30.0,0.0,141.0782,-10.338887687557884,0.0,2.258086857915573,21:21,2,0.5333333333333333,0.20555555555555557,0.0,-1.750152587890625
highmodel,30.0,0.0,139.95528,7.124065133003252,0.0,2.4104341122437405,21:24,2,0.5666666666666667,0.20555555555555557,0.0,-1.1229248046875
highmodel,30.0,0.0,139.8317,7.0134400348106185,0.0,2.55302515173741,21:27,2,0.6,0.20555555555555557,0.0,-0.1235809326171875
highmodel,30.0,0.0,140.85971,-10.54294778714728,0.0,2.684385254486207,21:30,2,0.6333333333333333,0.20555555555555557,0.0,1.02801513671875
highmodel,30.0,0.0,142.86143,-11.659205037976436,0.0,2.8033461837144538,21:33,2,0.6666666666666666,0.20555555555555557,0.0,2.0017242431640625
highmodel,30.0,0.0,145.58688,-13.121380322844344,0.0,2.9090656402311814,21:36,2,0.7,0.20555555555555557,0.0,2.7254486083984375
highmodel,30.0,0.0,148.78775,-14.802380497973097,0.0,3.001027726799919,21:39,2,0.7333333333333333,0.20555555555555557,0.0,3.20086669921875
highmodel,30.0,0.0,152.21207,-16.56911236655252,0.0,3.0790297656268124,21:42,2,0.7666666666666667,0.20555555555555557,0.0,3.42431640625
highmodel,30.0,0.0,155.57777,-18.26842248435285,0.0,3.1431601575853234,21:45,2,0.8,0.20555555555555557,0.0,3.3657073974609375
highmodel,30.0,0.0,158.55693,-19.721696543995954,0.0,3.1937711370195014,21:48,2,0.8333333333333334,0.20555555555555557,0.0,2.979156494140625
highmodel,30.0,0.0,160.81216,-20.752623092175494,0.0,3.231449473777884,21:51,2,0.8666666666666667,0.20555555555555557,0.0,2.2552337646484375
highmodel,30.0,0.0,162.0071,-21.19083386271106,0.0,3.2569874923201363,21:54,2,0.9,0.20555555555555557,0.0,1.1949310302734375
highmodel,30.0,0.0,161.849,-20.89957755786779,0.0,3.271356230278941,21:57,2,0.9333333333333333,0.20555555555555557,0.0,-0.1580963134765625
highmodel,30.0,0.0,160.30255,-19.909803446733513,0.0,3.275682106420735,22:00,2,0.9666666666666667,0.20555555555555557,0.0,-1.54644775390625
highmodel,30.0,0.0,157.71819,-18.46516177887016,0.0,3.271228006005308,22:03,2,1.0,0.20555555555555557,0.0,-2.5843658447265625
highmodel,30.0,0.7664986848831177,154.53258,-16.757047006350128,0.0,3.2593786539175933,22:06,3,0.025,0.20555555555555557,0.04111111111111112,-3.18560791015625
highmodel,30.0,0.0,151.18298,-15.080360735472638,0.0,3.2416088886129577,22:09,3,0.05,0.20555555555555557,0.04111111111111112,-3.3495941162109375
highmodel,30.0,0.0,148.10667,-13.602076742569256,0.0,3.2193492229615406,22:12,3,0.075,0.20555555555555557,0.04111111111111112,-3.0763092041015625
highmodel,30.0,0.0,145.73996,-12.528289970979795,0.0,3.19383903939757,22:15,3,0.1,0.20555555555555557,0.04111111111111112,-2.3667144775390625
highmodel,30.0,0.0,144.5177,-12.067864304861494,0.0,3.1661250257476525,22:18,3,0.125,0.20555555555555557,0.04111111111111112,-1.222259521484375
highmodel,30.0,0.0,144.87358,-12.480044478741117,0.0,3.13708824417326,22:21,3,0.15,0.20555555555555557,0.0,0.3558807373046875
highmodel,30.0,0.0,147.24004,-13.915596464413214,0.0,3.1074053908565746,22:24,3,0.175,0.20555555555555557,0.0,2.366455078125
highmodel,30.0,0.0,150.80388,-15.872023073368194,0.0,3.077457492898121,22:27,3,0.2,0.20555555555555557,0.0,3.5638427734375
highmodel,30.0,0.0,153.52333,-17.13928369603233,0.0,3.047254755596711,22:30,3,0.225,0.20555555555555557,0.0,2.719451904296875
highmodel,30.0,0.0,155.72379,-18.17869995845029,0.0,3.0164368073818753,22:33,3,0.25,0.20555555555555557,0.0,2.2004547119140625
highmodel,30.0,0.26718369126319885,157.42317,-15.96281902221045,0.0,2.984353702519895,22:36,3,0.275,0.20555555555555557,0.0,1.6993865966796875
highmodel,30.0,0.0,158.63783,-19.501863713860075,0.0,2.9501842125220796,22:39,3,0.3,0.20555555555555557,0.0,1.21466064453125
highmodel,30.0,0.0,159.38312,-19.80516924993724,0.0,2.9130228375044287,22:42,3,0.325,0.20555555555555557,0.0,0.7452850341796875
highmodel,30.0,0.0,159.67397,-19.881596153814762,0.0,2.8719431014394425,22:45,3,0.35,0.20555555555555557,0.0,0.2908477783203125
highmodel,30.0,0.0,159.52542,-19.698795302914338,0.0,2.8260854571887606,22:48,3,0.375,0.20555555555555557,0.04111111111111112,-0.1485443115234375
highmodel,30.0,0.0,158.9532,-19.348020170162236,0.0,2.7747393354235497,22:51,3,0.4,0.20555555555555557,0.04111111111111112,-0.5722198486328125
highmodel,30.0,0.0,157.97418,-18.79772911193687,0.0,2.71739600276452,22:54,3,0.425,0.20555555555555557,0.04111111111111112,-0.9790191650390625
highmodel,30.0,0.0,156.61206,-18.061660742351055,0.0,2.65377227307269,22:57,3,0.45,0.20555555555555557,0.04111111111111112,-1.36212158203125
highmodel,30.0,0.0,154.92448,-17.17430282426562,0.0,2.5838115362164897,23:00,3,0.475,0.20555555555555557,0.04111111111111112,-1.6875762939453125
highmodel,30.0,0.0,153.01932,-16.196775528336023,0.0,2.507669094574114,23:03,3,0.5,0.20555555555555557,0.04111111111111112,-1.9051666259765625
highmodel,30.0,0.27829456329345703,151.01648,-15.18962929423713,0.0,2.4256875903183497,23:06,3,0.525,0.20555555555555557,0.04111111111111112,-2.002838134765625
highmodel,30.0,0.0,149.03708,-14.211801514574594,0.0,2.3383608996135132,23:09,3,0.55,0.20555555555555557,0.04111111111111112,-1.979400634765625
highmodel,30.0,0.0,147.18977,-13.313951885252905,0.0,2.2462660537977204,23:12,3,0.575,0.20555555555555557,0.04111111111111112,-1.8473052978515625
highmodel,30.0,0.0,145.5045,-12.499440045233863,0.0,2.1499982736807284,23:15,3,0.6,0.20555555555555557,0.04111111111111112,-1.685272216796875
highmodel,30.0,0.0,143.89284,-11.709428474559646,0.0,2.0501616256507997,23:18,3,0.625,0.20555555555555557,0.04111111111111112,-1.611663818359375
highmodel,30.0,0.0,142.24016,-10.88502974155442,0.0,1.947383128087736,23:21,3,0.65,0.20555555555555557,0.04111111111111112,-1.652679443359375
highmodel,30.0,0.0,140.43205,-9.971088321764533,0.0,1.8423228478997036,23:24,3,0.675,0.20555555555555557,0.04111111111111112,-1.80810546875
highmodel,30.0,0.0,138.37263,7.262182431511031,0.0,1.7356745832977982,23:27,3,0.7,0.20555555555555557,0.04111111111111112,-2.059417724609375
highmodel,30.0,0.0,136.0755,7.2730974198249925,0.0,1.6281585310368234,23:30,3,0.725,0.20555555555555557,0.04111111111111112,-2.2971343994140625
highmodel,30.0,0.0,133.71825,7.262305768946925,0.0,1.520508767404638,23:33,3,0.75,0.20555555555555557,0.04111111111111112,-2.3572540283203125
highmodel,30.0,0.0,131.51508,7.231553386341541,0.0,1.4134581861364626,23:36,3,0.775,0.20555555555555557,0.04111111111111112,-2.2031707763671875
highmodel,30.0,0.0,129.68045,7.269287994395814,0.0,1.307722914815459,23:39,3,0.8,0.20555555555555557,0.12333333333333335,-1.834625244140625
innermodel,30.0,0.0,128.40448,7.217784193447965,0.0,1.203987590023861,23:42,3,0.825,0.20555555555555557,0.12333333333333335,-1.275970458984375
innermodel,30.0,0.0,127.73092,7.170785013838247,0.0,1.1028923435249607,23:45,3,0.85,0.20555555555555557,0.12333333333333335,-0.6735610961914062
innermodel,30.0,0.0,127.48384,7.140315111799837,0.0,1.0050219594416707,23:48,3,0.875,0.20555555555555557,0.12333333333333335,-0.24707794189453125
innermodel,30.0,0.0,127.43844,7.126429178186422,0.0,0.9108973885626739,23:51,3,0.9,0.20555555555555557,0.12333333333333335,-0.04540252685546875
innermodel,30.0,0.0,127.36975,7.128001650726797,0.0,0.8209696235819618,23:54,3,0.925,0.20555555555555557,0.12333333333333335,-0.06868743896484375
innermodel,30.0,0.0,127.07792,7.142968895730754,0.0,0.7356158229649201,23:57,3,0.95,0.20555555555555557,0.12333333333333335,-0.29183197021484375
innermodel,30.0,0.0,126.51441,14.160330124327025,0.0,0.65513750107348,00:00,3,0.975,0.20555555555555557,0.12333333333333335,-0.563507080078125
