t,bg,meal,dose,reward
0,110.0,0,0.0,0.0
1,110.0,0,0.0,0.0
2,110.0,0,0.0,0.0
3,110.0,0,0.0,0.0
4,110.0,0,0.0,0.0
5,110.0,0,0.0,0.0
6,110.0,0,0.0,0.0
7,110.0,0,0.0,0.0
8,110.0,0,0.0,0.0
9,110.0,0,0.0,0.0
10,110.0,0,0.0,0.0
11,110.0,0,0.0,0.0
12,110.0,0,0.0,0.0
13,110.0,0,0.0,0.0
14,110.0,0,0.0,0.0
15,110.0,0,0.0,0.0
16,110.0,0,0.0,0.0
17,110.0,0,0.0,0.0
18,110.0,0,0.0,0.0
19,110.0,0,0.0,0.0
20,110.0,0,0.0,0.0
21,110.0,0,0.0,0.0
22,110.0,0,0.0,0.0
23,110.0,0,0.0,0.0
24,110.0,0,0.0,0.0
25,110.0,0,0.0,0.0
26,110.0,0,0.0,0.0
27,110.0,0,0.0,0.0
28,110.0,0,0.0,0.0
29,110.0,0,0.0,0.0
30,110.0,0,0.0,0.0
31,110.0,0,0.0,0.0
32,110.0,0,0.0,0.0
33,110.0,0,0.0,0.0
34,110.0,0,0.0,0.0
35,110.0,0,0.0,0.0
36,110.0,0,0.0,0.0
37,110.0,0,0.0,0.0
38,110.0,0,0.0,0.0
39,110.0,0,0.0,0.0
40,110.0,0,0.0,0.0
41,110.0,0,0.0,0.0
42,110.0,0,0.0,0.0
43,110.0,0,0.0,0.0
44,110.0,0,0.0,0.0
45,110.0,0,0.0,0.0
46,110.0,0,0.0,0.0
47,110.0,0,0.0,0.0
48,110.0,0,0.0,0.0
49,110.0,0,0.0,0.0
50,110.0,0,0.0,0.0
51,110.0,0,0.0,0.0
52,110.0,0,0.0,0.0
53,110.0,0,0.0,0.0
54,110.0,0,0.0,0.0
55,110.0,0,0.0,0.0
56,110.0,0,0.0,0.0
57,110.0,0,0.0,0.0
58,110.0,0,0.0,0.0
59,110.0,0,0.0,0.0
60,110.0,0,0.0,0.0
61,110.0,0,0.0,0.0
62,110.0,0,0.0,0.0
63,110.0,0,0.0,0.0
64,110.0,0,0.0,0.0
65,110.0,0,0.0,0.0
66,110.0,0,0.0,0.0
67,110.0,0,0.0,0.0
68,110.0,0,0.0,0.0
69,110.0,0,0.0,0.0
70,110.0,0,0.0,0.0
71,110.0,0,0.0,0.0
72,110.0,0,0.0,0.0
73,110.0,0,0.0,0.0
74,110.0,0,0.0,0.0
75,110.0,0,0.0,0.0
76,110.0,0,0.0,0.0
77,110.0,0,0.0,0.0
78,110.0,0,0.0,0.0
79,110.0,0,0.0,0.0
80,110.0,0,0.0,0.0
81,110.0,0,0.0,0.0
82,110.0,0,0.0,0.0
83,110.0,0,0.0,0.0
84,110.0,0,0.0,0.0
85,110.0,0,0.0,0.0
86,110.0,0,0.0,0.0
87,110.0,0,0.0,0.0
88,110.0,0,0.0,0.0
89,110.0,0,0.0,0.0
90,110.0,0,0.0,0.0
91,110.0,0,0.0,0.0
92,110.0,0,0.0,0.0
93,110.0,0,0.0,0.0
94,110.0,0,0.0,0.0
95,110.0,0,0.0,0.0
96,110.0,0,0.0,0.0
97,110.0,0,0.0,0.0
98,110.0,0,0.0,0.0
99,110.0,0,0.0,0.0
100,110.0,0,0.0,0.0
101,110.0,0,0.0,0.0
102,110.0,0,0.0,0.0
103,110.0,0,0.0,0.0
104,110.0,0,0.0,0.0
105,110.0,0,0.0,0.0
106,110.0,0,0.0,0.0
107,110.0,0,0.0,0.0
108,110.0,0,0.0,0.0
109,110.0,0,0.0,0.0
110,110.0,0,0.0,0.0
111,110.0,0,0.0,0.0
112,110.0,0,0.0,0.0
113,110.0,0,0.0,0.0
114,110.0,0,0.0,0.0
115,110.0,0,0.0,0.0
116,110.0,0,0.0,0.0
117,110.0,0,0.0,0.0
118,110.0,0,0.0,0.0
119,110.0,0,0.0,0.0
120,110.0,0,0.0,0.0
121,110.0,0,0.0,0.0
122,110.0,0,0.0,0.0
123,110.0,0,0.0,0.0
124,110.0,0,0.0,0.0
125,110.0,0,0.0,0.0
126,110.0,0,0.0,0.0
127,110.0,0,0.0,0.0
128,110.0,0,0.0,0.0
129,110.0,0,0.0,0.0
130,110.0,0,0.0,0.0
131,110.0,0,0.0,0.0
132,110.0,0,0.0,0.0
133,110.0,0,0.0,0.0
134,110.0,0,0.0,0.0
135,110.0,0,0.0,0.0
136,110.0,0,0.0,0.0
137,110.0,0,0.0,0.0
138,110.0,0,0.0,0.0
139,110.0,0,0.0,0.0
140,110.0,0,0.0,0.0
141,110.0,0,0.0,0.0
142,110.0,0,0.0,0.0
143,110.0,0,0.0,0.0
144,110.0,0,0.0,0.0
145,110.0,0,0.0,0.0
146,110.0,0,0.0,0.0
147,110.0,0,0.0,0.0
148,110.0,0,0.0,0.0
149,110.0,0,0.0,0.0
150,110.0,0,0.0,0.0
151,110.0,0,0.0,0.0
152,110.0,0,0.0,0.0
153,110.0,0,0.0,0.0
154,110.0,0,0.0,0.0
155,110.0,0,0.0,0.0
156,110.0,0,0.0,0.0
157,110.0,0,0.0,0.0
158,110.0,0,0.0,0.0
159,110.0,0,0.0,0.0
160,110.0,0,0.0,0.0
161,110.0,0,0.0,0.0
162,110.0,0,0.0,0.0
163,110.0,0,0.0,0.0
164,110.0,0,0.0,0.0
165,110.0,0,0.0,0.0
166,110.0,0,0.0,0.0
167,110.0,0,0.0,0.0
168,110.0,0,0.0,0.0
169,110.0,0,0.0,0.0
170,110.0,0,0.0,0.0
171,110.0,0,0.0,0.0
172,110.0,0,0.0,0.0
173,110.0,0,0.0,0.0
174,110.0,0,0.0,0.0
175,110.0,0,0.0,0.0
176,110.0,0,0.0,0.0
177,110.0,0,0.0,0.0
178,110.0,0,0.0,0.0
179,110.0,0,0.0,0.0
180,110.0,0,0.0,0.0
181,110.0,0,0.0,0.0
182,110.0,0,0.0,0.0
183,110.0,0,0.0,0.0
184,110.0,0,0.0,0.0
185,110.0,0,0.0,0.0
186,110.0,0,0.0,0.0
187,110.0,0,0.0,0.0
188,110.0,0,0.0,0.0
189,110.0,0,0.0,0.0
190,110.0,0,0.0,0.0
191,110.0,0,0.0,0.0
192,110.0,0,0.0,0.0
193,110.0,0,0.0,0.0
194,110.0,0,0.0,0.0
195,110.0,0,0.0,0.0
196,110.0,0,0.0,0.0
197,110.0,0,0.0,0.0
198,110.0,0,0.0,0.0
199,110.0,0,0.0,0.0
200,110.0,0,0.0,0.0
201,110.0,0,0.0,0.0
202,110.0,0,0.0,0.0
203,110.0,0,0.0,0.0
204,110.0,0,0.0,0.0
205,110.0,0,0.0,0.0
206,110.0,0,0.0,0.0
207,110.0,0,0.0,0.0
208,110.0,0,0.0,0.0
209,110.0,0,0.0,0.0
210,110.0,0,0.0,0.0
211,110.0,0,0.0,0.0
212,110.0,0,0.0,0.0
213,110.0,0,0.0,0.0
214,110.0,0,0.0,0.0
215,110.0,0,0.0,0.0
216,110.0,0,0.0,0.0
217,110.0,0,0.0,0.0
218,110.0,0,0.0,0.0
219,110.0,0,0.0,0.0
220,110.0,0,0.0,0.0
221,110.0,0,0.0,0.0
222,110.0,0,0.0,0.0
223,110.0,0,0.0,0.0
224,110.0,0,0.0,0.0
225,110.0,0,0.0,0.0
226,110.0,0,0.0,0.0
227,110.0,0,0.0,0.0
228,110.0,0,0.0,0.0
229,110.0,0,0.0,0.0
230,110.0,0,0.0,0.0
231,110.0,0,0.0,0.0
232,110.0,0,0.0,0.0
233,110.0,0,0.0,0.0
234,110.0,0,0.0,0.0
235,110.0,0,0.0,0.0
236,110.0,0,0.0,0.0
237,110.0,0,0.0,0.0
238,110.0,0,0.0,0.0
239,110.0,0,0.0,0.0
240,110.0,0,0.0,0.0
241,110.0,0,0.0,0.0
242,110.0,0,0.0,0.0
243,110.0,0,0.0,0.0
244,110.0,0,0.0,0.0
245,110.0,0,0.0,0.0
246,110.0,0,0.0,0.0
247,110.0,0,0.0,0.0
248,110.0,0,0.0,0.0
249,110.0,0,0.0,0.0
250,110.0,0,0.0,0.0
251,110.0,0,0.0,0.0
252,110.0,0,0.0,0.0
253,110.0,0,0.0,0.0
254,110.0,0,0.0,0.0
255,110.0,0,0.0,0.0
256,110.0,0,0.0,0.0
257,110.0,0,0.0,0.0
258,110.0,0,0.0,0.0
259,110.0,0,0.0,0.0
260,110.0,0,0.0,0.0
261,110.0,0,0.0,0.0
262,110.0,0,0.0,0.0
263,110.0,0,0.0,0.0
264,110.0,0,0.0,0.0
265,110.0,0,0.0,0.0
266,110.0,0,0.0,0.0
267,110.0,0,0.0,0.0
268,110.0,0,0.0,0.0
269,110.0,0,0.0,0.0
270,110.0,0,0.0,0.0
271,110.0,0,0.0,0.0
272,110.0,0,0.0,0.0
273,110.0,0,0.0,0.0
274,110.0,0,0.0,0.0
275,110.0,0,0.0,0.0
276,110.0,0,0.0,0.0
277,110.0,0,0.0,0.0
278,110.0,0,0.0,0.0
279,110.0,0,0.0,0.0
280,110.0,0,0.0,0.0
281,110.0,0,0.0,0.0
282,110.0,0,0.0,0.0
283,110.0,0,0.0,0.0
284,110.0,0,0.0,0.0
285,110.0,0,0.0,0.0
286,110.0,0,0.0,0.0
287,110.0,0,0.0,0.0
288,110.0,0,0.0,0.0
289,110.0,0,0.0,0.0
290,110.0,0,0.0,0.0
291,110.0,0,0.0,0.0
292,110.0,0,0.0,0.0
293,110.0,0,0.0,0.0
294,110.0,0,0.0,0.0
295,110.0,0,0.0,0.0
296,110.0,0,0.0,0.0
297,110.0,0,0.0,0.0
298,110.0,0,0.0,0.0
299,110.0,0,0.0,0.0
300,110.0,0,0.0,0.0
301,110.0,0,0.0,0.0
302,110.0,0,0.0,0.0
303,110.0,0,0.0,0.0
304,110.0,0,0.0,0.0
305,110.0,0,0.0,0.0
306,110.0,0,0.0,0.0
307,110.0,0,0.0,0.0
308,110.0,0,0.0,0.0
309,110.0,0,0.0,0.0
310,110.0,0,0.0,0.0
311,110.0,0,0.0,0.0
312,110.0,0,0.0,0.0
313,110.0,0,0.0,0.0
314,110.0,0,0.0,0.0
315,110.0,0,0.0,0.0
316,110.0,0,0.0,0.0
317,110.0,0,0.0,0.0
318,110.0,0,0.0,0.0
319,110.0,0,0.0,0.0
320,110.0,0,0.0,0.0
321,110.0,0,0.0,0.0
322,110.0,0,0.0,0.0
323,110.0,0,0.0,0.0
324,110.0,0,0.0,0.0
325,110.0,0,0.0,0.0
326,110.0,0,0.0,0.0
327,110.0,0,0.0,0.0
328,110.0,0,0.0,0.0
329,110.0,0,0.0,0.0
330,110.0,0,0.0,0.0
331,110.0,0,0.0,0.0
332,110.0,0,0.0,0.0
333,110.0,0,0.0,0.0
334,110.0,0,0.0,0.0
335,110.0,0,0.0,0.0
336,110.0,0,0.0,0.0
337,110.0,0,0.0,0.0
338,110.0,0,0.0,0.0
339,110.0,0,0.0,0.0
340,110.0,0,0.0,0.0
341,110.0,0,0.0,0.0
342,110.0,0,0.0,0.0
343,110.0,0,0.0,0.0
344,110.0,0,0.0,0.0
345,110.0,0,0.0,0.0
346,110.0,0,0.0,0.0
347,110.0,0,0.0,0.0
348,110.0,0,0.0,0.0
349,110.0,0,0.0,0.0
350,110.0,0,0.0,0.0
351,110.0,0,0.0,0.0
352,110.0,0,0.0,0.0
353,110.0,0,0.0,0.0
354,110.0,0,0.0,0.0
355,110.0,0,0.0,0.0
356,110.0,0,0.0,0.0
357,110.0,0,0.0,0.0
358,110.0,0,0.0,0.0
359,110.0,0,0.0,0.0
360,110.0,0,0.0,0.0
361,110.0,0,0.0,0.0
362,110.0,0,0.0,0.0
363,110.0,0,0.0,0.0
364,110.0,0,0.0,0.0
365,110.0,0,0.0,0.0
366,110.0,0,0.0,0.0
367,110.0,0,0.0,0.0
368,110.0,0,0.0,0.0
369,110.0,0,0.0,0.0
370,110.0,0,0.0,0.0
371,110.0,0,0.0,0.0
372,110.0,0,0.0,0.0
373,110.0,0,0.0,0.0
374,110.0,0,0.0,0.0
375,110.0,0,0.0,0.0
376,110.0,0,0.0,0.0
377,110.0,0,0.0,0.0
378,110.0,0,0.0,0.0
379,110.0,0,0.0,0.0
380,110.0,0,0.0,0.0
381,110.0,0,0.0,0.0
382,110.0,0,0.0,0.0
383,110.0,0,0.0,0.0
384,110.0,0,0.0,0.0
385,110.0,0,0.0,0.0
386,110.0,0,0.0,0.0
387,110.0,0,0.0,0.0
388,110.0,0,0.0,0.0
389,110.0,0,0.0,0.0
390,110.0,0,0.0,0.0
391,110.0,0,0.0,0.0
392,110.0,0,0.0,0.0
393,110.0,0,0.0,0.0
394,110.0,0,0.0,0.0
395,110.0,0,0.0,0.0
396,110.0,0,0.0,0.0
397,110.0,0,0.0,0.0
398,110.0,0,0.0,0.0
399,110.0,0,0.0,0.0
400,110.0,0,0.0,0.0
401,110.0,0,0.0,0.0
402,110.0,0,0.0,0.0
403,110.0,0,0.0,0.0
404,110.0,0,0.0,0.0
405,110.0,0,0.0,0.0
406,110.0,0,0.0,0.0
407,110.0,0,0.0,0.0
408,110.0,0,0.0,0.0
409,110.0,0,0.0,0.0
410,110.0,0,0.0,0.0
411,110.0,0,0.0,0.0
412,110.0,0,0.0,0.0
413,110.0,0,0.0,0.0
414,110.0,0,0.0,0.0
415,110.0,0,0.0,0.0
416,110.0,0,0.0,0.0
417,110.0,0,0.0,0.0
418,110.0,0,0.0,0.0
419,110.0,0,0.0,0.0
420,110.0,0,0.0,0.0
421,110.0,0,0.0,0.0
422,110.0,0,0.0,0.0
423,110.0,0,0.0,0.0
424,110.0,0,0.0,0.0
425,110.0,0,0.0,0.0
426,110.0,0,0.0,0.0
427,110.0,0,0.0,0.0
428,110.0,0,0.0,0.0
429,110.0,0,0.0,0.0
430,110.0,0,0.0,0.0
431,110.0,0,0.0,0.0
432,110.0,0,0.0,0.0
433,110.0,0,0.0,0.0
434,110.0,0,0.0,0.0
435,110.0,0,0.0,0.0
436,110.0,0,0.0,0.0
437,110.0,0,0.0,0.0
438,110.0,0,0.0,0.0
439,110.0,0,0.0,0.0
440,110.0,0,0.0,0.0
441,110.0,0,0.0,0.0
442,110.0,0,0.0,0.0
443,110.0,0,0.0,0.0
444,110.0,0,0.0,0.0
445,110.0,0,0.0,0.0
446,110.0,0,0.0,0.0
447,110.0,0,0.0,0.0
448,110.0,0,0.0,0.0
449,110.0,0,0.0,0.0
450,110.0,0,0.0,0.0
451,110.0,0,0.0,0.0
452,110.0,0,0.0,0.0
453,110.0,0,0.0,0.0
454,110.0,0,0.0,0.0
455,110.0,0,0.0,0.0
456,110.0,0,0.0,0.0
457,110.0,0,0.0,0.0
458,110.0,0,0.0,0.0
459,110.0,0,0.0,0.0
460,110.0,0,0.0,0.0
461,110.0,0,0.0,0.0
462,110.0,0,0.0,0.0
463,110.0,0,0.0,0.0
464,110.0,0,0.0,0.0
465,110.0,0,0.0,0.0
466,110.0,0,0.0,0.0
467,110.0,0,0.0,0.0
468,110.0,0,0.0,0.0
469,110.0,0,0.0,0.0
470,110.0,0,0.0,0.0
471,110.0,0,0.0,0.0
472,110.0,0,0.0,0.0
473,110.0,0,0.0,0.0
474,110.0,0,0.0,0.0
475,110.0,0,0.0,0.0
476,110.0,0,0.0,0.0
477,110.0,0,0.0,0.0
478,110.0,0,0.0,0.0
479,110.0,0,0.0,0.0
480,110.0,0,0.0,0.0
481,110.0,0,0.0,0.0
482,110.0,0,0.0,0.0
483,110.0,0,0.0,0.0
484,110.0,0,0.0,0.0
485,110.0,0,0.0,0.0
486,110.0,0,0.0,0.0
487,110.0,0,0.0,0.0
488,110.0,0,0.0,0.0
489,110.0,0,0.0,0.0
490,110.0,0,0.0,0.0
491,110.0,0,0.0,0.0
492,110.0,0,0.0,0.0
493,110.0,0,0.0,0.0
494,110.0,0,0.0,0.0
495,110.0,0,0.0,0.0
496,110.0,0,0.0,0.0
497,110.0,0,0.0,0.0
498,110.0,0,0.0,0.0
499,110.0,0,0.0,0.0
500,110.0,0,0.0,0.0
501,110.0,0,0.0,0.0
502,110.0,0,0.0,0.0
503,110.0,0,0.0,0.0
504,110.0,0,0.0,0.0
505,110.0,0,0.0,0.0
506,110.0,0,0.0,0.0
507,110.0,0,0.0,0.0
508,110.0,0,0.0,0.0
509,110.0,0,0.0,0.0
510,114.13333333333334,80,0.0,0.0
511,114.04149426890461,0,0.0,0.0
512,113.951866135826,0,0.0,0.0
513,113.86439465948766,0,0.0,0.0
514,113.7790269035879,0,0.0,0.0
515,113.69571123709993,0,0.0,0.0
516,113.61439730205394,0,0.0,0.0
517,113.53503598211486,0,0.0,0.0
518,113.45757937193568,0,0.0,0.0
519,113.38198074726748,0,0.0,0.0
520,113.30819453580733,0,0.0,0.0
521,113.23617628876606,0,0.0,0.0
522,113.16588265313771,0,0.0,0.0
523,113.09727134465389,0,0.0,0.0
524,113.03030112140561,0,0.0,0.0
525,112.96493175811648,0,0.0,0.0
526,112.90112402105099,0,0.0,0.0
527,112.83883964354231,0,0.0,0.0
528,112.77804130212422,0,0.0,0.0
529,112.7186925932523,0,0.0,0.0
530,112.6607580105998,0,0.0,0.0
531,112.60420292291414,0,0.0,0.0
532,112.54899355241993,0,0.0,0.0
533,112.49509695375527,0,0.0,0.0
534,112.44248099342806,0,0.0,0.0
535,112.39111432977951,0,0.0,0.0
536,112.34096639344216,0,0.0,0.0
537,112.29200736828054,0,0.0,0.0
538,112.24420817280229,0,0.0,0.0
539,112.19754044202807,0,0.0,0.0
540,112.15197650980932,0,0.0,0.0
541,112.10748939158222,0,0.0,0.0
542,112.06405276754774,0,0.0,0.0
543,112.02164096626667,0,0.0,0.0
544,111.98022894865981,0,0.0,0.0
545,111.93979229240304,0,0.0,0.0
546,111.90030717670774,0,0.0,0.0
547,111.86175036747683,0,0.0,0.0
548,111.82409920282734,0,0.0,0.0
549,111.78733157897034,0,0.0,0.0
550,111.75142593643949,0,0.0,0.0
551,111.71636124665955,0,0.0,0.0
552,111.68211699884644,0,0.0,0.0
553,111.64867318723074,0,0.0,0.0
554,111.61601029859658,0,0.0,0.0
555,111.58410930012815,0,0.0,0.0
556,111.55295162755621,0,0.0,0.0
557,111.52251917359735,0,0.0,0.0
558,111.49279427667841,0,0.0,0.0
559,111.46375970993952,0,0.0,0.0
560,111.4353986705084,0,0.0,0.0
561,111.40769476903955,0,0.0,0.0
562,111.38063201951165,0,0.0,0.0
563,111.35419482927679,0,0.0,0.0
564,111.32836798935546,0,0.0,0.0
565,111.3031366649709,0,0.0,0.0
566,111.27848638631737,0,0.0,0.0
567,111.25440303955611,0,0.0,0.0
568,111.2308728580337,0,0.0,0.0
569,111.20788241371714,0,0.0,0.0
570,111.18541860884037,0,0.0,0.0
571,111.16346866775694,0,0.0,0.0
572,111.142020128994,0,0.0,0.0
573,111.12106083750213,0,0.0,0.0
574,111.10057893709677,0,0.0,0.0
575,111.08056286308609,0,0.0,0.0
576,111.06100133508082,0,0.0,0.0
577,111.04188334998165,0,0.0,0.0
578,111.02319817513971,0,0.0,0.0
579,111.00493534168582,0,0.0,0.0
580,110.98708463802451,0,0.0,0.0
581,110.96963610348853,0,0.0,0.0
582,110.95258002215006,0,0.0,0.0
583,110.93590691678466,0,0.0,0.0
584,110.91960754298424,0,0.0,0.0
585,110.90367288341531,0,0.0,0.0
586,110.88809414221897,0,0.0,0.0
587,110.87286273954913,0,0.0,0.0
588,110.85797030624559,0,0.0,0.0
589,110.84340867863848,0,0.0,0.0
590,110.82916989348111,0,0.0,0.0
591,110.8152461830078,0,0.0,0.0
592,110.80162997011365,0,0.0,0.0
593,110.78831386365344,0,0.0,0.0
594,110.77529065385636,0,0.0,0.0
595,110.76255330785415,0,0.0,0.0
596,110.75009496531939,0,0.0,0.0
597,110.73790893421163,0,0.0,0.0
598,110.7259886866284,0,0.0,0.0
599,110.71432785475865,0,0.0,0.0
600,110.70292022693612,0,0.0,0.0
601,110.69175974379003,0,0.0,0.0
602,110.6808404944909,0,0.0,0.0
603,110.67015671308884,0,0.0,0.0
604,110.65970277494245,0,0.0,0.0
605,110.64947319323564,0,0.0,0.0
606,110.63946261558057,0,0.0,0.0
607,110.62966582070436,0,0.0,0.0
608,110.6200777152176,0,0.0,0.0
609,110.61069333046258,0,0.0,0.0
610,110.60150781943933,0,0.0,0.0
611,110.59251645380758,0,0.0,0.0
612,110.58371462096255,0,0.0,0.0
613,110.57509782118314,0,0.0,0.0
614,110.56666166485026,0,0.0,0.0
615,110.558401869734,0,0.0,0.0
616,110.55031425834761,0,0.0,0.0
617,110.54239475536691,0,0.0,0.0
618,110.53463938511325,0,0.0,0.0
619,110.5270442690987,0,0.0,0.0
620,110.51960562363173,0,0.0,0.0
621,110.51231975748209,0,0.0,0.0
622,110.50518306960313,0,0.0,0.0
623,110.49819204691056,0,0.0,0.0
624,110.49134326211582,0,0.0,0.0
625,110.48463337161303,0,0.0,0.0
626,110.47805911341804,0,0.0,0.0
627,110.47161730515838,0,0.0,0.0
628,110.46530484211269,0,0.0,0.0
629,110.45911869529871,0,0.0,0.0
630,110.45305590960837,0,0.0,0.0
631,110.4471136019887,0,0.0,0.0
632,110.44128895966807,0,0.0,0.0
633,110.43557923842572,0,0.0,0.0
634,110.42998176090428,0,0.0,0.0
635,110.42449391496388,0,0.0,0.0
636,110.41911315207676,0,0.0,0.0
637,110.41383698576165,0,0.0,0.0
638,110.4086629900566,0,0.0,0.0
639,110.4035887980297,0,0.0,0.0
640,110.39861210032632,0,0.0,0.0
641,110.39373064375235,0,0.0,0.0
642,110.38894222989235,0,0.0,0.0
643,110.38424471376179,0,0.0,0.0
644,110.37963600249248,0,0.0,0.0
645,110.37511405405054,0,0.0,0.0
646,110.37067687598594,0,0.0,0.0
647,110.36632252421285,0,0.0,0.0
648,110.36204910182019,0,0.0,0.0
649,110.3578547579114,0,0.0,0.0
650,110.35373768647284,0,0.0,0.0
651,110.34969612527027,0,0.0,0.0
652,110.34572835477233,0,0.0,0.0
653,110.3418326971007,0,0.0,0.0
654,110.33800751500611,0,0.0,0.0
655,110.33425121086965,0,0.0,0.0
656,110.33056222572873,0,0.0,0.0
657,110.32693903832688,0,0.0,0.0
658,110.32338016418733,0,0.0,0.0
659,110.31988415470906,0,0.0,0.0
660,110.31644959628541,0,0.0,0.0
661,110.31307510944436,0,0.0,0.0
662,110.30975934800993,0,0.0,0.0
663,110.3065009982844,0,0.0,0.0
664,110.30329877825056,0,0.0,0.0
665,110.30015143679371,0,0.0,0.0
666,110.29705775294286,0,0.0,0.0
667,110.29401653513061,0,0.0,0.0
668,110.29102662047124,0,0.0,0.0
669,110.28808687405672,0,0.0,0.0
670,110.28519618826995,0,0.0,0.0
671,110.28235348211498,0,0.0,0.0
672,110.27955770056383,0,0.0,0.0
673,110.27680781391925,0,0.0,0.0
674,110.27410281719331,0,0.0,0.0
675,110.27144172950132,0,0.0,0.0
676,110.26882359347059,0,0.0,0.0
677,110.26624747466388,0,0.0,0.0
678,110.26371246101698,0,0.0,0.0
679,110.26121766229018,0,0.0,0.0
680,110.25876220953332,0,0.0,0.0
681,110.25634525456391,0,0.0,0.0
682,110.25396596945822,0,0.0,0.0
683,110.25162354605489,0,0.0,0.0
684,110.24931719547067,0,0.0,0.0
685,110.24704614762828,0,0.0,0.0
686,110.2448096507958,0,0.0,0.0
687,110.24260697113733,0,0.0,0.0
688,110.24043739227496,0,0.0,0.0
689,110.23830021486124,0,0.0,0.0
690,110.23619475616245,0,0.0,0.0
691,110.23412034965196,0,0.0,0.0
692,110.23207634461373,0,0.0,0.0
693,110.23006210575545,0,0.0,0.0
694,110.22807701283136,0,0.0,0.0
695,110.22612046027425,0,0.0,0.0
696,110.22419185683654,0,0.0,0.0
697,110.2222906252403,0,0.0,0.0
698,110.22041620183579,0,0.0,0.0
699,110.21856803626835,0,0.0,0.0
700,110.21674559115377,0,0.0,0.0
701,110.21494834176129,0,0.0,0.0
702,110.2131757757047,0,0.0,0.0
703,110.21142739264089,0,0.0,0.0
704,110.20970270397589,0,0.0,0.0
705,110.20800123257816,0,0.0,0.0
706,110.20632251249883,0,0.0,0.0
707,110.20466608869899,0,0.0,0.0
708,110.20303151678357,0,0.0,0.0
709,110.20141836274183,0,0.0,0.0
710,110.19982620269425,0,0.0,0.0
711,110.1982546226456,0,0.0,0.0
712,110.1967032182441,0,0.0,0.0
713,110.19517159454657,0,0.0,0.0
714,110.19365936578929,0,0.0,0.0
715,110.19216615516451,0,0.0,0.0
716,110.19069159460254,0,0.0,0.0
717,110.18923532455906,0,0.0,0.0
718,110.18779699380778,0,0.0,0.0
719,110.18637625923817,0,0.0,0.0
720,110.18497278565818,0,0.0,0.0
721,110.1835862456017,0,0.0,0.0
722,110.18221631914099,0,0.0,0.0
723,110.1808626937035,0,0.0,0.0
724,110.17952506389331,0,0.0,0.0
725,110.17820313131688,0,0.0,0.0
726,110.17689660441324,0,0.0,0.0
727,110.1756051982882,0,0.0,0.0
728,110.17432863455265,0,0.0,0.0
729,110.17306664116498,0,0.0,0.0
730,110.17181895227719,0,0.0,0.0
731,110.17058530808491,0,0.0,0.0
732,110.16936545468103,0,0.0,0.0
733,110.16815914391302,0,0.0,0.0
734,110.1669661332436,0,0.0,0.0
735,110.16578618561509,0,0.0,0.0
736,110.16461906931676,0,0.0,0.0
737,110.16346455785572,0,0.0,0.0
738,110.16232242983088,0,0.0,0.0
739,110.16119246880996,0,0.0,0.0
740,110.16007446320958,0,0.0,0.0
741,110.15896820617834,0,0.0,0.0
742,110.1578734954826,0,0.0,0.0
743,110.15679013339529,0,0.0,0.0
744,110.15571792658726,0,0.0,0.0
745,110.15465668602141,0,0.0,0.0
746,110.1536062268494,0,0.0,0.0
747,110.15256636831086,0,0.0,0.0
748,110.15153693363507,0,0.0,0.0
749,110.15051774994512,0,0.0,0.0
750,115.31617531483106,100,0.0,0.0
751,115.20037729905599,0,0.0,0.0
752,115.08735270226256,0,0.0,0.0
753,114.9770335229741,0,0.0,0.0
754,114.86935343604766,0,0.0,0.0
755,114.76424775129979,0,0.0,0.0
756,114.66165337315371,0,0.0,0.0
757,114.5615087612827,0,0.0,0.0
758,114.4637538922252,0,0.0,0.0
759,114.36833022194753,0,0.0,0.0
760,114.2751806493308,0,0.0,0.0
761,114.18424948055936,0,0.0,0.0
762,114.0954823943883,0,0.0,0.0
763,114.00882640826856,0,0.0,0.0
764,113.92422984530822,0,0.0,0.0
765,113.8416423020495,0,0.0,0.0
766,113.76101461704124,0,0.0,0.0
767,113.68229884018731,0,0.0,0.0
768,113.6054482028517,0,0.0,0.0
769,113.53041708870154,0,0.0,0.0
770,113.4571610052702,0,0.0,0.0
771,113.38563655622207,0,0.0,0.0
772,113.3158014143024,0,0.0,0.0
773,113.24761429495472,0,0.0,0.0
774,113.18103493058958,0,0.0,0.0
775,113.11602404548863,0,0.0,0.0
776,113.05254333132824,0,0.0,0.0
777,112.9905554233072,0,0.0,0.0
778,112.930023876864,0,0.0,0.0
779,112.87091314496874,0,0.0,0.0
780,112.81318855597566,0,0.0,0.0
781,112.7568162920224,0,0.0,0.0
782,112.70176336796266,0,0.0,0.0
783,112.64799761081868,0,0.0,0.0
784,112.59548763974126,0,0.0,0.0
785,112.5442028464643,0,0.0,0.0
786,112.4941133762419,0,0.0,0.0
787,112.44519010925609,0,0.0,0.0
788,112.39740464248354,0,0.0,0.0
789,112.35072927200989,0,0.0,0.0
790,112.30513697578061,0,0.0,0.0
791,112.26060139677784,0,0.0,0.0
792,112.2170968266124,0,0.0,0.0
793,112.17459818952084,0,0.0,0.0
794,112.13308102675762,0,0.0,0.0
795,112.09252148137257,0,0.0,0.0
796,112.05289628336406,0,0.0,0.0
797,112.01418273519872,0,0.0,0.0
798,111.97635869768865,0,0.0,0.0
799,111.93940257621722,0,0.0,0.0
800,111.90329330730488,0,0.0,0.0
801,111.86801034550663,0,0.0,0.0
802,111.83353365063293,0,0.0,0.0
803,111.79984367528603,0,0.0,0.0
804,111.76692135270397,0,0.0,0.0
805,111.73474808490475,0,0.0,0.0
806,111.70330573112302,0,0.0,0.0
807,111.67257659653227,0,0.0,0.0
808,111.64254342124542,0,0.0,0.0
809,111.61318936958692,0,0.0,0.0
810,111.58449801962969,0,0.0,0.0
811,111.55645335299023,0,0.0,0.0
812,111.52903974487576,0,0.0,0.0
813,111.50224195437697,0,0.0,0.0
814,111.4760451150004,0,0.0,0.0
815,111.45043472543449,0,0.0,0.0
816,111.42539664054362,0,0.0,0.0
817,111.40091706258441,0,0.0,0.0
818,111.37698253263878,0,0.0,0.0
819,111.35357992225862,0,0.0,0.0
820,111.33069642531653,0,0.0,0.0
821,111.30831955005785,0,0.0,0.0
822,111.28643711134875,0,0.0,0.0
823,111.26503722311574,0,0.0,0.0
824,111.24410829097178,0,0.0,0.0
825,111.22363900502438,0,0.0,0.0
826,111.2036183328612,0,0.0,0.0
827,111.18403551270886,0,0.0,0.0
828,111.16488004676046,0,0.0,0.0
829,111.14614169466796,0,0.0,0.0
830,111.12781046719508,0,0.0,0.0
831,111.10987662002682,0,0.0,0.0
832,111.0923306477319,0,0.0,0.0
833,111.07516327787413,0,0.0,0.0
834,111.05836546526905,0,0.0,0.0
835,111.04192838638254,0,0.0,0.0
836,111.02584343386742,0,0.0,0.0
837,111.01010221123506,0,0.0,0.0
838,110.99469652765846,0,0.0,0.0
839,110.97961839290355,0,0.0,0.0
840,110.9648600123856,0,0.0,0.0
841,110.95041378234774,0,0.0,0.0
842,110.93627228515827,0,0.0,0.0
843,110.9224282847242,0,0.0,0.0
844,110.90887472201798,0,0.0,0.0
845,110.89560471071445,0,0.0,0.0
846,110.88261153293568,0,0.0,0.0
847,110.86988863510072,0,0.0,0.0
848,110.8574296238777,0,0.0,0.0
849,110.84522826223606,0,0.0,0.0
850,110.83327846559587,0,0.0,0.0
851,110.82157429807248,0,0.0,0.0
852,110.81010996881368,0,0.0,0.0
853,110.79887982842725,0,0.0,0.0
854,110.78787836549677,0,0.0,0.0
855,110.77710020318328,0,0.0,0.0
856,110.76654009591091,0,0.0,0.0
857,110.75619292613419,0,0.0,0.0
858,110.74605370118525,0,0.0,0.0
859,110.73611755019868,0,0.0,0.0
860,110.72637972111244,0,0.0,0.0
861,110.71683557774256,0,0.0,0.0
862,110.70748059693024,0,0.0,0.0
863,110.69831036575918,0,0.0,0.0
864,110.68932057884167,0,0.0,0.0
865,110.68050703567157,0,0.0,0.0
866,110.67186563804262,0,0.0,0.0
867,110.66339238753055,0,0.0,0.0
868,110.65508338303714,0,0.0,0.0
869,110.64693481839498,0,0.0,0.0
870,110.63894298003136,0,0.0,0.0
871,110.63110424468965,0,0.0,0.0
872,110.6234150772071,0,0.0,0.0
873,110.61587202834727,0,0.0,0.0
874,110.60847173268604,0,0.0,0.0
875,110.6012109065498,0,0.0,0.0
876,110.59408634600437,0,0.0,0.0
877,110.58709492489373,0,0.0,0.0
878,110.58023359292694,0,0.0,0.0
879,110.57349937381237,0,0.0,0.0
880,110.5668893634379,0,0.0,0.0
881,110.56040072809607,0,0.0,0.0
882,110.55403070275294,0,0.0,0.0
883,110.54777658935973,0,0.0,0.0
884,110.54163575520602,0,0.0,0.0
885,110.53560563131359,0,0.0,0.0
886,110.52968371087002,0,0.0,0.0
887,110.52386754770065,0,0.0,0.0
888,110.51815475477848,0,0.0,0.0
889,110.51254300277074,0,0.0,0.0
890,110.50703001862122,0,0.0,0.0
891,110.5016135841677,0,0.0,0.0
892,110.49629153479336,0,0.0,0.0
893,110.49106175811157,0,0.0,0.0
894,110.48592219268302,0,0.0,0.0
895,110.4808708267645,0,0.0,0.0
896,110.47590569708856,0,0.0,0.0
897,110.4710248876733,0,0.0,0.0
898,110.46622652866138,0,0.0,0.0
899,110.46150879518783,0,0.0,0.0
900,110.45686990627563,0,0.0,0.0
901,110.45230812375864,0,0.0,0.0
902,110.44782175123098,0,0.0,0.0
903,110.4434091330224,0,0.0,0.0
904,110.43906865319886,0,0.0,0.0
905,110.43479873458774,0,0.0,0.0
906,110.43059783782722,0,0.0,0.0
907,110.42646446043884,0,0.0,0.0
908,110.42239713592318,0,0.0,0.0
909,110.41839443287768,0,0.0,0.0
910,110.41445495413625,0,0.0,0.0
911,110.41057733593011,0,0.0,0.0
912,110.4067602470693,0,0.0,0.0
913,110.4030023881443,0,0.0,0.0
914,110.39930249074749,0,0.0,0.0
915,110.39565931671359,0,0.0,0.0
916,110.392071657379,0,0.0,0.0
917,110.38853833285931,0,0.0,0.0
918,110.38505819134463,0,0.0,0.0
919,110.38163010841222,0,0.0,0.0
920,110.37825298635622,0,0.0,0.0
921,113.3715924202004,58,0.0,0.0
922,113.30173070868298,0,0.0,0.0
923,113.23351974399583,0,0.0,0.0
924,113.16691917982891,0,0.0,0.0
925,113.10188966375038,0,0.0,0.0
926,113.03839281268027,0,0.0,0.0
927,112.97639118896957,0,0.0,0.0
928,112.91584827707005,0,0.0,0.0
929,112.85672846077979,0,0.0,0.0
930,112.79899700105064,0,0.0,0.0
931,112.74262001434346,0,0.0,0.0
932,112.68756445151773,0,0.0,0.0
933,112.63379807724226,0,0.0,0.0
934,112.5812894499143,0,0.0,0.0
935,112.53000790207425,0,0.0,0.0
936,112.47992352130393,0,0.0,0.0
937,112.43100713159646,0,0.0,0.0
938,112.3832302751859,0,0.0,0.0
939,112.3365651948256,0,0.0,0.0
940,112.290984816504,0,0.0,0.0
941,112.24646273258706,0,0.0,0.0
942,112.20297318537692,0,0.0,0.0
943,112.1604910510763,0,0.0,0.0
944,112.11899182414898,0,0.0,0.0
945,112.07845160206608,0,0.0,0.0
946,112.03884707042914,0,0.0,0.0
947,112.00015548846035,0,0.0,0.0
948,111.96235467485089,0,0.0,0.0
949,111.92542299395873,0,0.0,0.0
950,111.88933934234711,0,0.0,0.0
951,111.85408313565533,0,0.0,0.0
952,111.81963429579358,0,0.0,0.0
953,111.78597323845395,0,0.0,0.0
954,111.7530808609297,0,0.0,0.0
955,111.72093853023524,0,0.0,0.0
956,111.68952807151929,0,0.0,0.0
957,111.65883175676417,0,0.0,0.0
958,111.62883229376398,0,0.0,0.0
959,111.59951281537482,0,0.0,0.0
960,111.57085686903051,0,0.0,0.0
961,111.54284840651688,0,0.0,0.0
962,111.51547177399873,0,0.0,0.0
963,111.48871170229273,0,0.0,0.0
964,111.46255329738067,0,0.0,0.0
965,111.4369820311566,0,0.0,0.0
966,111.41198373240267,0,0.0,0.0
967,111.38754457798746,0,0.0,0.0
968,111.36365108428173,0,0.0,0.0
969,111.34029009878599,0,0.0,0.0
970,111.3174487919648,0,0.0,0.0
971,111.29511464928247,0,0.0,0.0
972,111.27327546343558,0,0.0,0.0
973,111.25191932677706,0,0.0,0.0
974,111.2310346239272,0,0.0,0.0
975,111.21061002456733,0,0.0,0.0
976,111.19063447641102,0,0.0,0.0
977,111.17109719834905,0,0.0,0.0
978,111.1519876737634,0,0.0,0.0
979,111.13329564400637,0,0.0,0.0
980,111.1150111020406,0,0.0,0.0
981,111.09712428623605,0,0.0,0.0
982,111.07962567432014,0,0.0,0.0
983,111.0625059774772,0,0.0,0.0
984,111.04575613459346,0,0.0,0.0
985,111.0293673066442,0,0.0,0.0
986,111.01333087121944,0,0.0,0.0
987,110.99763841718455,0,0.0,0.0
988,110.98228173947292,0,0.0,0.0
989,110.96725283400693,0,0.0,0.0
990,110.95254389274433,0,0.0,0.0
991,110.938147298847,0,0.0,0.0
992,110.9240556219687,0,0.0,0.0
993,110.91026161365937,0,0.0,0.0
994,110.89675820288271,0,0.0,0.0
995,110.88353849164436,0,0.0,0.0
996,110.8705957507281,0,0.0,0.0
997,110.85792341553716,0,0.0,0.0
998,110.8455150820382,0,0.0,0.0
999,110.83336450280541,0,0.0,0.0
1000,110.82146558316221,0,0.0,0.0
1001,110.80981237741815,0,0.0,0.0
1002,110.79839908519871,0,0.0,0.0
1003,110.78722004786566,0,0.0,0.0
1004,110.77626974502576,0,0.0,0.0
1005,110.76554279112558,0,0.0,0.0
1006,110.7550339321304,0,0.0,0.0
1007,110.74473804228504,0,0.0,0.0
1008,110.7346501209546,0,0.0,0.0
1009,110.72476528954321,0,0.0,0.0
1010,110.71507878848877,0,0.0,0.0
1011,110.70558597433184,0,0.0,0.0
1012,110.69628231685692,0,0.0,0.0
1013,110.68716339630416,0,0.0,0.0
1014,110.67822490064998,0,0.0,0.0
1015,110.66946262295473,0,0.0,0.0
1016,110.6608724587758,0,0.0,0.0
1017,110.65245040364458,0,0.0,0.0
1018,110.64419255060561,0,0.0,0.0
1019,110.63609508781656,0,0.0,0.0
1020,110.62815429620731,0,0.0,0.0
1021,110.62036654719685,0,0.0,0.0
1022,110.61272830046649,0,0.0,0.0
1023,110.60523610178798,0,0.0,0.0
1024,110.59788658090532,0,0.0,0.0
1025,110.59067644946869,0,0.0,0.0
1026,110.58360249901942,0,0.0,0.0
1027,110.57666159902467,0,0.0,0.0
1028,110.56985069496062,0,0.0,0.0
1029,110.56316680644287,0,0.0,0.0
1030,110.55660702540298,0,0.0,0.0
1031,110.55016851431016,0,0.0,0.0
1032,110.5438485044365,0,0.0,0.0
1033,110.53764429416528,0,0.0,0.0
1034,110.53155324734094,0,0.0,0.0
1035,110.52557279165963,0,0.0,0.0
1036,110.51970041709961,0,0.0,0.0
1037,110.51393367439029,0,0.0,0.0
1038,110.50827017351902,0,0.0,0.0
1039,110.50270758227478,0,0.0,0.0
1040,110.49724362482772,0,0.0,0.0
1041,110.49187608034377,0,0.0,0.0
1042,110.48660278163338,0,0.0,0.0
1043,110.48142161383365,0,0.0,0.0
1044,110.4763305131229,0,0.0,0.0
1045,110.47132746546703,0,0.0,0.0
1046,110.4664105053966,0,0.0,0.0
1047,110.46157771481433,0,0.0,0.0
1048,110.45682722183183,0,0.0,0.0
1049,110.45215719963507,0,0.0,0.0
1050,110.44756586537781,0,0.0,0.0
1051,110.44305147910232,0,0.0,0.0
1052,110.43861234268678,0,0.0,0.0
1053,110.43424679881848,0,0.0,0.0
1054,110.42995322999249,0,0.0,0.0
1055,110.42573005753498,0,0.0,0.0
1056,110.42157574065055,0,0.0,0.0
1057,110.41748877549311,0,0.0,0.0
1058,110.41346769425968,0,0.0,0.0
1059,110.40951106430646,0,0.0,0.0
1060,110.40561748728679,0,0.0,0.0
1061,110.40178559831028,0,0.0,0.0
1062,110.39801406512265,0,0.0,0.0
1063,110.39430158730593,0,0.0,0.0
1064,110.39064689549818,0,0.0,0.0
1065,110.3870487506326,0,0.0,0.0
1066,110.38350594319529,0,0.0,0.0
1067,110.38001729250139,0,0.0,0.0
1068,110.37658164598899,0,0.0,0.0
1069,110.37319787853046,0,0.0,0.0
1070,110.36986489176078,0,0.0,0.0
1071,110.36658161342241,0,0.0,0.0
1072,110.36334699672626,0,0.0,0.0
1073,110.3601600197285,0,0.0,0.0
1074,110.35701968472257,0,0.0,0.0
1075,110.35392501764642,0,0.0,0.0
1076,110.35087506750406,0,0.0,0.0
1077,110.34786890580158,0,0.0,0.0
1078,110.34490562599697,0,0.0,0.0
1079,110.34198434296354,0,0.0,0.0
1080,110.33910419246651,0,0.0,0.0
1081,110.33626433065248,0,0.0,0.0
1082,110.3334639335516,0,0.0,0.0
1083,110.33070219659184,0,0.0,0.0
1084,110.32797833412533,0,0.0,0.0
1085,110.32529157896633,0,0.0,0.0
1086,110.32264118194055,0,0.0,0.0
1087,110.32002641144567,0,0.0,0.0
1088,110.31744655302252,0,0.0,0.0
1089,110.314900908937,0,0.0,0.0
1090,110.31238879777216,0,0.0,0.0
1091,110.30990955403037,0,0.0,0.0
1092,110.30746252774529,0,0.0,0.0
1093,110.30504708410338,0,0.0,0.0
1094,110.30266260307477,0,0.0,0.0
1095,110.30030847905311,0,0.0,0.0
1096,110.29798412050445,0,0.0,0.0
1097,110.29568894962456,0,0.0,0.0
1098,110.2934224020049,0,0.0,0.0
1099,110.29118392630657,0,0.0,0.0
1100,110.28897298394257,0,0.0,0.0
1101,110.28678904876762,0,0.0,0.0
1102,110.28463160677572,0,0.0,0.0
1103,110.28250015580518,0,0.0,0.0
1104,110.28039420525086,0,0.0,0.0
1105,110.2783132757835,0,0.0,0.0
1106,110.27625689907597,0,0.0,0.0
1107,110.27422461753622,0,0.0,0.0
1108,110.2722159840468,0,0.0,0.0
1109,110.27023056171085,0,0.0,0.0
1110,110.26826792360424,0,0.0,0.0
1111,110.26632765253393,0,0.0,0.0
1112,110.2644093408021,0,0.0,0.0
1113,110.26251258997623,0,0.0,0.0
1114,110.26063701066474,0,0.0,0.0
1115,110.25878222229824,0,0.0,0.0
1116,110.25694785291604,0,0.0,0.0
1117,110.25513353895798,0,0.0,0.0
1118,110.25333892506136,0,0.0,0.0
1119,110.25156366386287,0,0.0,0.0
1120,110.24980741580538,0,0.0,0.0
1121,110.24806984894944,0,0.0,0.0
1122,110.24635063878945,0,0.0,0.0
1123,110.2446494680744,0,0.0,0.0
1124,110.24296602663283,0,0.0,0.0
1125,110.24130001120233,0,0.0,0.0
1126,110.23965112526304,0,0.0,0.0
1127,110.23801907887531,0,0.0,0.0
1128,110.23640358852137,0,0.0,0.0
1129,110.2348043769508,0,0.0,0.0
1130,110.23322117302989,0,0.0,0.0
1131,110.23165371159466,0,0.0,0.0
1132,110.23010173330744,0,0.0,0.0
1133,110.22856498451705,0,0.0,0.0
1134,110.22704321712236,0,0.0,0.0
1135,110.22553618843918,0,0.0,0.0
1136,110.22404366107048,0,0.0,0.0
1137,110.22256540277975,0,0.0,0.0
1138,110.22110118636743,0,0.0,0.0
1139,110.21965078955044,0,0.0,0.0
1140,110.21821399484465,0,0.0,0.0
1141,110.21679058945017,0,0.0,0.0
1142,110.2153803651395,0,0.0,0.0
1143,110.21398311814843,0,0.0,0.0
1144,110.21259864906963,0,0.0,0.0
1145,110.21122676274875,0,0.0,0.0
1146,110.20986726818312,0,0.0,0.0
1147,110.20851997842301,0,0.0,0.0
1148,110.20718471047519,0,0.0,0.0
1149,110.20586128520891,0,0.0,0.0
1150,110.20454952726413,0,0.0,0.0
1151,110.2032492649621,0,0.0,0.0
1152,110.20196033021797,0,0.0,0.0
1153,110.20068255845577,0,0.0,0.0
1154,110.19941578852514,0,0.0,0.0
1155,110.19815986262047,0,0.0,0.0
1156,110.19691462620169,0,0.0,0.0
1157,110.19567992791721,0,0.0,0.0
1158,110.19445561952865,0,0.0,0.0
1159,110.19324155583747,0,0.0,0.0
1160,110.19203759461327,0,0.0,0.0
1161,110.19084359652398,0,0.0,0.0
1162,110.18965942506767,0,0.0,0.0
1163,110.18848494650615,0,0.0,0.0
1164,110.1873200297999,0,0.0,0.0
1165,110.186164546545,0,0.0,0.0
1166,110.18501837091118,0,0.0,0.0
1167,110.18388137958176,0,0.0,0.0
1168,110.18275345169474,0,0.0,0.0
1169,110.18163446878553,0,0.0,0.0
1170,110.18052431473102,0,0.0,0.0
1171,110.17942287569493,0,0.0,0.0
1172,110.17833004007461,0,0.0,0.0
1173,110.17724569844914,0,0.0,0.0
1174,110.17616974352853,0,0.0,0.0
1175,110.17510207010434,0,0.0,0.0
1176,110.17404257500144,0,0.0,0.0
1177,110.17299115703085,0,0.0,0.0
1178,110.17194771694395,0,0.0,0.0
1179,110.17091215738752,0,0.0,0.0
1180,110.1698843828601,0,0.0,0.0
1181,110.16886429966934,0,0.0,0.0
1182,110.1678518158903,0,0.0,0.0
1183,110.1668468413249,0,0.0,0.0
1184,110.16584928746227,0,0.0,0.0
1185,110.16485906744006,0,0.0,0.0
1186,110.16387609600679,0,0.0,0.0
1187,110.16290028948491,0,0.0,0.0
1188,110.16193156573502,0,0.0,0.0
1189,110.16096984412067,0,0.0,0.0
1190,110.16001504547432,0,0.0,0.0
1191,110.15906709206384,0,0.0,0.0
1192,110.15812590755999,0,0.0,0.0
1193,110.15719141700464,0,0.0,0.0
1194,110.1562635467798,0,0.0,0.0
1195,110.15534222457728,0,0.0,0.0
1196,110.15442737936924,0,0.0,0.0
1197,110.15351894137933,0,0.0,0.0
1198,110.1526168420546,0,0.0,0.0
1199,110.15172101403803,0,0.0,0.0
1200,110.15083139114179,0,0.0,0.0
1201,110.1499479083211,0,0.0,0.0
1202,110.1490705016487,0,0.0,0.0
1203,110.14819910828999,0,0.0,0.0
1204,110.14733366647873,0,0.0,0.0
1205,110.14647411549338,0,0.0,0.0
1206,110.1456203956339,0,0.0,0.0
1207,110.1447724481992,0,0.0,0.0
1208,110.14393021546516,0,0.0,0.0
1209,110.14309364066305,0,0.0,0.0
1210,110.14226266795859,0,0.0,0.0
1211,110.14143724243145,0,0.0,0.0
1212,110.14061731005523,0,0.0,0.0
1213,110.13980281767805,0,0.0,0.0
1214,110.13899371300336,0,0.0,0.0
1215,110.13818994457147,0,0.0,0.0
1216,110.13739146174136,0,0.0,0.0
1217,110.13659821467296,0,0.0,0.0
1218,110.13581015430987,0,0.0,0.0
1219,110.1350272323625,0,0.0,0.0
1220,110.13424940129163,0,0.0,0.0
1221,110.13347661429223,0,0.0,0.0
1222,110.13270882527787,0,0.0,0.0
1223,110.13194598886535,0,0.0,0.0
1224,110.13118806035979,0,0.0,0.0
1225,110.13043499573993,0,0.0,0.0
1226,110.129686751644,0,0.0,0.0
1227,110.12894328535573,0,0.0,0.0
1228,110.12820455479081,0,0.0,0.0
1229,110.12747051848356,0,0.0,0.0
1230,110.1267411355741,0,0.0,0.0
1231,110.12601636579558,0,0.0,0.0
1232,110.12529616946193,0,0.0,0.0
1233,110.12458050745579,0,0.0,0.0
1234,110.12386934121673,0,0.0,0.0
1235,110.12316263272977,0,0.0,0.0
1236,110.12246034451418,0,0.0,0.0
1237,110.12176243961254,0,0.0,0.0
1238,110.12106888157996,0,0.0,0.0
1239,110.12037963447378,0,0.0,0.0
1240,110.11969466284327,0,0.0,0.0
1241,110.1190139317197,0,0.0,0.0
1242,110.11833740660664,0,0.0,0.0
1243,110.11766505347045,0,0.0,0.0
1244,110.11699683873097,0,0.0,0.0
1245,110.11633272925258,0,0.0,0.0
1246,110.11567269233518,0,0.0,0.0
1247,110.11501669570576,0,0.0,0.0
1248,110.1143647075098,0,0.0,0.0
1249,110.11371669630306,0,0.0,0.0
1250,110.11307263104366,0,0.0,0.0
1251,110.11243248108404,0,0.0,0.0
1252,110.11179621616341,0,0.0,0.0
1253,110.1111638064002,0,0.0,0.0
1254,110.11053522228474,0,0.0,0.0
1255,110.10991043467212,0,0.0,0.0
1256,110.10928941477516,0,0.0,0.0
1257,110.10867213415767,0,0.0,0.0
1258,110.10805856472766,0,0.0,0.0
1259,110.1074486787309,0,0.0,0.0
1260,110.10684244874457,0,0.0,0.0
1261,110.10623984767096,0,0.0,0.0
1262,110.10564084873145,0,0.0,0.0
1263,110.10504542546057,0,0.0,0.0
1264,110.10445355170016,0,0.0,0.0
1265,110.10386520159373,0,0.0,0.0
1266,110.10328034958094,0,0.0,0.0
1267,110.10269897039211,0,0.0,0.0
1268,110.102121039043,0,0.0,0.0
1269,110.10154653082961,0,0.0,0.0
1270,110.10097542132313,0,0.0,0.0
1271,110.100407686365,0,0.0,0.0
1272,110.09984330206208,0,0.0,0.0
1273,110.09928224478193,0,0.0,0.0
1274,110.09872449114819,0,0.0,0.0
1275,110.0981700180361,0,0.0,0.0
1276,110.09761880256805,0,0.0,0.0
1277,110.09707082210932,0,0.0,0.0
1278,110.0965260542638,0,0.0,0.0
1279,110.09598447686996,0,0.0,0.0
1280,110.09544606799675,0,0.0,0.0
1281,110.09491080593968,0,0.0,0.0
1282,110.09437866921698,0,0.0,0.0
1283,110.09384963656588,0,0.0,0.0
1284,110.09332368693882,0,0.0,0.0
1285,110.09280079949997,0,0.0,0.0
1286,110.09228095362162,0,0.0,0.0
1287,110.09176412888081,0,0.0,0.0
1288,110.09125030505588,0,0.0,0.0
1289,110.09073946212324,0,0.0,0.0
1290,110.09023158025416,0,0.0,0.0
1291,110.08972663981154,0,0.0,0.0
1292,110.08922462134694,0,0.0,0.0
1293,110.08872550559745,0,0.0,0.0
1294,110.08822927348284,0,0.0,0.0
1295,110.08773590610257,0,0.0,0.0
1296,110.08724538473307,0,0.0,0.0
1297,110.08675769082491,0,0.0,0.0
1298,110.08627280600014,0,0.0,0.0
1299,110.08579071204959,0,0.0,0.0
1300,110.08531139093033,0,0.0,0.0
1301,110.0848348247631,0,0.0,0.0
1302,110.0843609958299,0,0.0,0.0
1303,110.08388988657143,0,0.0,0.0
1304,110.08342147958483,0,0.0,0.0
1305,110.08295575762135,0,0.0,0.0
1306,110.08249270358398,0,0.0,0.0
1307,110.08203230052533,0,0.0,0.0
1308,110.08157453164536,0,0.0,0.0
1309,110.08111938028931,0,0.0,0.0
1310,110.08066682994554,0,0.0,0.0
1311,110.08021686424358,0,0.0,0.0
1312,110.07976946695197,0,0.0,0.0
1313,110.07932462197648,0,0.0,0.0
1314,110.07888231335802,0,0.0,0.0
1315,110.07844252527084,0,0.0,0.0
1316,110.0780052420207,0,0.0,0.0
1317,110.07757044804296,0,0.0,0.0
1318,110.07713812790095,0,0.0,0.0
1319,110.07670826628409,0,0.0,0.0
1320,110.07628084800629,0,0.0,0.0
1321,110.07585585800425,0,0.0,0.0
1322,110.07543328133578,0,0.0,0.0
1323,110.07501310317828,0,0.0,0.0
1324,110.07459530882713,0,0.0,0.0
1325,110.0741798836941,0,0.0,0.0
1326,110.07376681330597,0,0.0,0.0
1327,110.07335608330288,0,0.0,0.0
1328,110.07294767943705,0,0.0,0.0
1329,110.07254158757125,0,0.0,0.0
1330,110.07213779367744,0,0.0,0.0
1331,110.0717362838354,0,0.0,0.0
1332,110.07133704423138,0,0.0,0.0
1333,110.0709400611568,0,0.0,0.0
1334,110.07054532100696,0,0.0,0.0
1335,110.07015281027978,0,0.0,0.0
1336,110.06976251557451,0,0.0,0.0
1337,110.0693744235906,0,0.0,0.0
1338,110.06898852112644,0,0.0,0.0
1339,110.06860479507817,0,0.0,0.0
1340,110.06822323243861,0,0.0,0.0
1341,110.06784382029608,0,0.0,0.0
1342,110.06746654583327,0,0.0,0.0
1343,110.0670913963262,0,0.0,0.0
1344,110.06671835914314,0,0.0,0.0
1345,110.06634742174354,0,0.0,0.0
1346,110.06597857167701,0,0.0,0.0
1347,110.06561179658233,0,0.0,0.0
1348,110.06524708418644,0,0.0,0.0
1349,110.06488442230346,0,0.0,0.0
1350,110.06452379883378,0,0.0,0.0
1351,110.064165201763,0,0.0,0.0
1352,110.06380861916116,0,0.0,0.0
1353,110.06345403918176,0,0.0,0.0
1354,110.06310145006084,0,0.0,0.0
1355,110.06275084011614,0,0.0,0.0
1356,110.06240219774624,0,0.0,0.0
1357,110.0620555114297,0,0.0,0.0
1358,110.06171076972427,0,0.0,0.0
1359,110.06136796126599,0,0.0,0.0
1360,110.06102707476848,0,0.0,0.0
1361,110.06068809902207,0,0.0,0.0
1362,110.06035102289312,0,0.0,0.0
1363,110.06001583532311,0,0.0,0.0
1364,110.05968252532807,0,0.0,0.0
1365,110.05935108199769,0,0.0,0.0
1366,110.05902149449467,0,0.0,0.0
1367,110.058693752054,0,0.0,0.0
1368,110.05836784398221,0,0.0,0.0
1369,110.05804375965677,0,0.0,0.0
1370,110.05772148852532,0,0.0,0.0
1371,110.05740102010502,0,0.0,0.0
1372,110.05708234398195,0,0.0,0.0
1373,110.05676544981038,0,0.0,0.0
1374,110.05645032731222,0,0.0,0.0
1375,110.05613696627628,0,0.0,0.0
1376,110.05582535655776,0,0.0,0.0
1377,110.05551548807756,0,0.0,0.0
1378,110.05520735082177,0,0.0,0.0
1379,110.05490093484096,0,0.0,0.0
1380,110.05459623024971,0,0.0,0.0
1381,110.05429322722598,0,0.0,0.0
1382,110.05399191601056,0,0.0,0.0
1383,110.05369228690647,0,0.0,0.0
1384,110.05339433027854,0,0.0,0.0
1385,110.05309803655268,0,0.0,0.0
1386,110.05280339621555,0,0.0,0.0
1387,110.05251039981387,0,0.0,0.0
1388,110.052219037954,0,0.0,0.0
1389,110.05192930130143,0,0.0,0.0
1390,110.05164118058018,0,0.0,0.0
1391,110.05135466657244,0,0.0,0.0
1392,110.05106975011799,0,0.0,0.0
1393,110.05078642211376,0,0.0,0.0
1394,110.05050467351336,0,0.0,0.0
1395,110.05022449532655,0,0.0,0.0
1396,110.04994587861884,0,0.0,0.0
1397,110.04966881451107,0,0.0,0.0
1398,110.04939329417884,0,0.0,0.0
1399,110.04911930885218,0,0.0,0.0
1400,110.04884684981506,0,0.0,0.0
1401,110.04857590840497,0,0.0,0.0
1402,110.04830647601248,0,0.0,0.0
1403,110.04803854408087,0,0.0,0.0
1404,110.04777210410562,0,0.0,0.0
1405,110.04750714763411,0,0.0,0.0
1406,110.04724366626515,0,0.0,0.0
1407,110.0469816516486,0,0.0,0.0
1408,110.04672109548494,0,0.0,0.0
1409,110.04646198952497,0,0.0,0.0
1410,110.04620432556932,0,0.0,0.0
1411,110.04594809546815,0,0.0,0.0
1412,110.04569329112073,0,0.0,0.0
1413,110.04543990447509,0,0.0,0.0
1414,110.04518792752765,0,0.0,0.0
1415,110.04493735232283,0,0.0,0.0
1416,110.04468817095278,0,0.0,0.0
1417,110.0444403755569,0,0.0,0.0
1418,110.04419395832161,0,0.0,0.0
1419,110.04394891147994,0,0.0,0.0
1420,110.04370522731118,0,0.0,0.0
1421,110.04346289814058,0,0.0,0.0
1422,110.04322191633902,0,0.0,0.0
1423,110.04298227432265,0,0.0,0.0
1424,110.04274396455257,0,0.0,0.0
1425,110.04250697953455,0,0.0,0.0
1426,110.04227131181865,0,0.0,0.0
1427,110.04203695399895,0,0.0,0.0
1428,110.04180389871318,0,0.0,0.0
1429,110.04157213864254,0,0.0,0.0
1430,110.04134166651122,0,0.0,0.0
1431,110.04111247508627,0,0.0,0.0
1432,110.04088455717715,0,0.0,0.0
1433,110.04065790563557,0,0.0,0.0
1434,110.04043251335509,0,0.0,0.0
1435,110.0402083732709,0,0.0,0.0
1436,110.0399854783595,0,0.0,0.0
1437,110.03976382163843,0,0.0,0.0
1438,110.039543396166,0,0.0,0.0
1439,110.03932419504098,0,0.0,0.0
