selected_model,raw_action,dose,blood glucose,reward,meal,risk,time
highmodel,0.0,1.6655009984970093,146.39632,-5.937996530840785,0.0,1.2439871501860995,00:03
highmodel,0.0,0.0,146.38586,-6.191618419409712,0.0,1.1739563447987453,00:06
highmodel,0.0,0.0,148.11877,-7.280841205770134,0.0,1.1324235272318284,00:09
highmodel,0.0,0.0,150.89677,-15.817915882383955,0.0,1.1073156985979886,00:12
highmodel,0.0,0.0,154.06927,-17.477305133026015,0.0,1.0910237343212235,00:15
highmodel,0.0,0.0,157.01482,-18.93688376584472,0.0,1.078508923909302,00:18
highmodel,0.0,0.0,159.13062,-19.884139370413312,0.0,1.066324496999236,00:21
highmodel,0.0,0.0,159.82642,-20.019871122385936,0.0,1.0520877993161306,00:24
highmodel,0.0,0.0,158.59947,-19.112250111509795,0.0,1.0341812423498884,00:27
highmodel,0.0,0.0,155.42534,-17.240769479266472,0.0,1.011571307434107,00:30
highmodel,0.0,0.4283200204372406,150.99219,-14.870840873065113,0.0,0.983688885259265,00:33
highmodel,0.0,0.0,146.14926,-5.440970293129633,0.0,0.9503354531505414,00:36
highmodel,0.0,0.0,141.74849,-3.3479464775858645,0.0,0.9115760221334274,00:39
highmodel,0.0,0.0,138.57573,14.347332070328934,0.0,0.8676465082902582,00:42
highmodel,0.0,0.0,137.01193,14.160588332703004,0.0,0.818925357780022,00:45
highmodel,0.0,0.0,136.83003,14.018206392887786,0.0,0.765932682962527,00:48
highmodel,0.0,0.0,137.66876,13.91522204981263,0.0,0.7093259842463572,00:51
highmodel,0.0,0.0,139.16792,13.843306846201141,0.0,0.6498855360372684,00:54
highmodel,0.0,0.0,140.97859,-3.687098862949103,0.0,0.5884905071847284,00:57
highmodel,0.0,0.0,142.81456,-4.617029779103776,0.0,0.5260889713090201,01:00
highmodel,0.0,0.0,144.48305,-5.439839432654678,0.0,0.4636650778644864,01:03
highmodel,0.0,0.01434316672384739,145.81238,-6.069255247610698,0.0,0.40220610907193943,01:06
highmodel,0.0,0.0,146.63135,-6.4183045250107,0.0,0.34267133586028564,01:09
highmodel,0.0,0.0,146.79034,-6.41528580358537,0.0,0.28596368225337226,01:12
highmodel,0.0,0.0,146.26837,-6.0683831872004275,0.0,0.23290593360051068,01:15
highmodel,0.0,0.0,145.23714,-5.490522316628857,0.0,0.1842227496975884,01:18
highmodel,0.0,0.0,143.91106,-4.794771248563459,0.0,0.14052758456574316,01:21
highmodel,0.0,0.0,142.50427,-4.086533783683279,0.0,0.10231378020396127,01:24
highmodel,0.0,0.0,141.20427,-3.4537595286329577,0.0,0.06994952562702929,01:27
highmodel,0.0,0.0,140.03966,-2.890818295539603,0.0,0.043676420180137995,01:30
highmodel,0.0,0.0,138.80087,14.133051338351095,0.0,0.0236113252129945,01:33
highmodel,0.0,0.12146615982055664,137.22514,14.1628296000152,0.0,0.00975112164335616,01:36
highmodel,0.0,0.0,135.04927,14.21258090745644,0.0,0.0019798796424588113,01:39
highmodel,0.0,0.0,132.04906,14.268519859415347,0.0,7.872748053909312e-05,01:42
highmodel,0.0,0.0,128.2369,14.297034477730259,0.0,0.003740711151324856,01:45
innermodel,0.0,0.0,123.98026,14.267862974164872,0.0,0.012588354543362627,01:48
innermodel,0.0,0.0,119.725174,14.193392522356765,0.0,0.026189238429806475,01:51
innermodel,0.0,0.0,115.917274,14.103249155025226,0.0,0.044068569990913305,01:54
innermodel,0.0,0.0,112.95947,14.030259919466491,0.0,0.06571946230277113,01:57
innermodel,0.0,0.0,111.00008,13.99413381335844,0.0,0.09061178157270046,02:00
innermodel,0.0,0.0,109.80561,13.98573892439571,0.0,0.1182001755302646,02:03
innermodel,0.0,0.0,109.05763,13.986804652162121,0.0,0.14793162795285575,02:06
innermodel,0.0,0.0,108.43752,13.986512888124592,0.0,0.17925268200266126,02:09
innermodel,0.0,0.0,107.62653,13.978807365677028,0.0,0.21161634735913967,02:12
innermodel,0.0,0.0,106.305756,13.95664812703316,0.0,0.24448863772007198,02:15
innermodel,0.0,0.0,104.156166,13.905099662002563,0.0,0.27735465743849136,02:18
innermodel,0.0,0.0,100.8586,13.792028448280597,0.0,0.3097241533809959,02:21
innermodel,0.0,0.0,96.09379,-12.400521850775275,0.0,0.34113645945447046,02:24
innermodel,0.0,0.0,92.647255,-14.12087600660157,0.0,0.37116477935691006,02:27
innermodel,0.0,0.0,94.24208,-12.65982989875289,0.0,0.39941977344965085,02:30
innermodel,0.0,0.0,96.27993,-11.613671455237835,0.0,0.42555243558563155,02:33
innermodel,0.0,0.0,98.608376,-10.457890055916026,0.0,0.4492562638286881,02:36
innermodel,0.0,0.0,101.07495,14.20457884248674,0.0,0.4702687445722611,02:39
innermodel,0.0,0.0,103.52709,14.158203006141644,0.0,0.48837218237075103,02:42
innermodel,0.0,0.0,105.812195,14.109515782982001,0.0,0.5033939178485389,02:45
innermodel,0.0,0.0,107.777596,14.066686443889695,0.0,0.5152059835154981,02:48
innermodel,0.0,0.0,109.27058,14.034519614167152,0.0,0.5237242524357076,02:51
innermodel,0.0,0.0,110.13838,14.013905871812831,0.0,0.5289071377452156,02:54
innermodel,0.0,0.0,110.24619,14.001418210486895,0.0,0.5307539022875754,02:57
innermodel,0.0,0.0,109.56688,13.9899248546944,0.0,0.5293026374163913,03:00
innermodel,0.0,0.0,108.2349,13.972253106653334,0.0,0.5246279685752763,03:03
innermodel,0.0,0.0,106.42062,13.944583268632408,0.0,0.5168385428604232,03:06
innermodel,0.0,0.0,104.29439,13.907924039416567,0.0,0.5060743506267867,03:09
innermodel,0.0,0.0,102.030014,13.867867499148431,0.0,0.49250392952052613,03:12
innermodel,0.0,0.0,99.82229,-10.253656961884493,0.0,0.47632149528434947,03:15
innermodel,0.0,0.0,97.89748,-11.225725671016427,0.0,0.4577440394411636,03:18
innermodel,0.0,0.0,96.48882,-11.90242522720879,0.0,0.43700842964174696,03:21
innermodel,0.0,0.0,95.82955,-12.159724990137658,0.0,0.4143685441678485,03:24
innermodel,0.0,0.0,96.120155,-11.906621043298935,0.0,0.39009246789690244,03:27
innermodel,0.0,0.0,97.36448,-11.18333397993447,0.0,0.36445977302167987,03:30
innermodel,0.0,0.0,99.2715,-10.183094456834883,0.0,0.33775890402495506,03:33
innermodel,0.0,0.0,101.484634,14.17439839384548,0.0,0.3102846828695143,03:36
innermodel,0.0,0.0,103.647316,14.135373608447974,0.0,0.28233594709690646,03:39
innermodel,0.0,0.0,105.43162,14.087062342330483,0.0,0.2542133305462934,03:42
innermodel,0.0,0.0,106.68142,14.048342701240236,0.0,0.2262171937090093,03:45
innermodel,0.0,0.0,107.49832,14.026164840876191,0.0,0.1986457083219036,03:48
innermodel,0.0,0.0,108.04118,14.015067662929972,0.0,0.17179309866372475,03:51
innermodel,0.0,0.0,108.46889,14.010587502105071,0.0,0.14594804014154963,03:54
innermodel,0.0,0.0,108.925545,14.010071146367629,0.0,0.12139221412382883,03:57
innermodel,0.0,0.0,109.46666,14.01030602484358,0.0,0.09839901657575548,04:00
innermodel,0.0,0.0,110.0148,14.008664532946796,0.0,0.077232416864434,04:03
innermodel,0.0,0.0,110.46302,14.005775074199587,0.0,0.05814596210809471,04:06
innermodel,0.0,0.0,110.70436,14.00262677059892,0.0,0.04138192162722992,04:09
innermodel,0.0,0.0,110.64541,13.999389389697008,0.0,0.02717056539941716,04:12
innermodel,0.0,0.0,110.27388,13.995689555873177,0.0,0.015729569907458288,04:15
innermodel,0.0,0.0,109.69918,13.991746901434176,0.0,0.007263544386345112,04:18
innermodel,0.0,0.0,109.05778,13.988482473351029,0.0,0.0019636702046418237,04:21
innermodel,0.0,0.0,108.48615,13.987652016723427,0.0,7.445946280304539e-06,04:24
innermodel,0.0,0.0,108.11217,13.990843639623419,0.0,0.0015585306772977064,04:27
innermodel,0.0,0.0,108.012024,13.997402257166167,0.0,0.006766677877351586,04:30
innermodel,0.0,0.0,108.18445,14.004434469057216,0.0,0.015767752577484785,04:33
innermodel,0.0,0.0,108.61093,14.010184209474641,0.0,0.028683824364178948,04:36
innermodel,0.0,0.0,109.27298,14.01362135886588,0.0,0.04562332907669084,04:39
innermodel,0.0,0.0,110.15211,14.014045477918126,0.0,0.06668129223216425,04:42
innermodel,0.0,0.0,111.229836,14.011070963284329,0.0,0.09193960745420404,04:45
innermodel,0.0,0.0,112.4877,14.004596946606604,0.0,0.121467363449054,04:48
innermodel,0.0,0.0,113.90724,13.994766796166518,0.0,0.15532121336352175,04:51
innermodel,0.0,0.0,115.47001,13.981921958518189,0.0,0.19354578066572076,04:54
innermodel,0.0,0.0,115.602516,13.9978893269431,0.0,0.23617409600805464,04:57
innermodel,0.0,0.0,113.3808,14.023394570734935,0.0,0.28322805985890354,05:00
innermodel,0.0,0.0,113.08374,14.001154174470368,0.0,0.3347189260203046,05:03
innermodel,0.0,0.0,114.35749,13.991733980246538,0.0,0.39064780148133094,05:06
innermodel,0.0,0.0,116.84821,13.959568345723142,0.0,0.4510061583876036,05:09
innermodel,0.0,0.0,120.2021,13.897804738297378,0.0,0.5157763542339354,05:12
innermodel,0.0,0.0,124.06534,13.819681744930774,0.0,0.5849321567078715,05:15
innermodel,0.0,0.0,128.08412,13.747603638210439,0.0,0.6584392699243019,05:18
innermodel,0.0,0.0,131.90466,13.704324145853754,0.0,0.7362558590946421,05:21
highmodel,0.0,1.2915432453155518,135.17316,13.707594561326673,0.0,0.8183327424910781,05:24
highmodel,0.0,0.0,137.56825,13.764299283781334,0.0,0.9045926576636788,05:27
highmodel,0.0,0.0,138.9628,13.854859051347157,0.0,0.9947942492480988,05:30
highmodel,0.0,0.0,139.52,13.940434883519249,0.0,1.0883541352359611,05:33
highmodel,0.0,0.0,139.465,14.005920990810674,0.0,1.1843297880308552,05:36
highmodel,0.0,0.0,139.02075,14.047491266490772,0.0,1.281510635018166,05:39
highmodel,0.0,0.0,138.3985,14.0655673307772,0.0,1.378533288965718,05:42
highmodel,0.0,0.0,137.74368,14.067781242676624,0.0,1.4739888637960994,05:45
highmodel,0.0,0.0,137.10365,14.065026314804886,0.0,1.5665112748213135,05:48
highmodel,0.0,0.0,136.50514,14.059696389871657,0.0,1.654843780629075,05:51
highmodel,0.0,0.28252822160720825,135.9765,14.051823360714984,0.0,1.7378846950061264,05:54
highmodel,0.0,0.0,135.55327,14.040869055543771,0.0,1.81470885415821,05:57
highmodel,0.0,0.0,135.30621,7.02360029162489,0.0,1.8845421322222724,06:00
highmodel,0.0,0.0,135.35768,6.99509902469646,0.0,1.9467195629458467,06:03
highmodel,0.0,0.0,135.84193,6.953485391166096,0.0,2.0006867386767406,06:06
highmodel,0.0,0.0,136.89395,6.896465962002369,0.0,2.046022974944161,06:09
highmodel,0.0,0.0,138.6163,6.823329907385727,0.0,2.0824608095162214,06:12
highmodel,0.0,0.0,140.91316,-10.705492947100788,0.0,2.109895000334014,06:15
highmodel,0.0,0.0,143.39062,-11.98002465285772,0.0,2.1283809925985415,06:18
highmodel,0.0,0.0,145.58919,-13.060633258957097,0.0,2.138124947001469,06:21
highmodel,0.0,0.42385998368263245,147.05014,-13.708498013576222,0.0,2.1394677010506316,06:24
highmodel,0.0,0.0,147.37778,-13.730730995841713,0.0,2.132855463395438,06:27
highmodel,0.0,0.0,146.5507,-13.170221879669938,0.0,2.118760700310503,06:30
highmodel,0.0,0.0,145.10829,-12.374775253603428,0.0,2.0976020220886666,06:33
highmodel,0.0,0.0,143.71397,-11.688534762542432,0.0,2.0697472913544805,06:36
highmodel,0.0,0.0,143.03079,-11.434677387767351,0.0,2.0355551441554582,06:39
highmodel,0.0,0.0,143.64075,-11.89238157517439,0.0,1.9954121573764856,06:42
highmodel,0.0,0.0,145.64008,-13.062734505220888,0.0,1.9497553308797073,06:45
highmodel,0.0,0.0,148.39642,-14.548887598977883,0.0,1.8990804304934734,06:48
highmodel,0.0,0.0,151.11583,-15.921174585346193,0.0,1.843939614427785,06:51
highmodel,0.0,0.38790759444236755,153.00475,-16.76426195698656,0.0,1.7849318947614454,06:54
highmodel,0.0,0.0,153.34315,-16.71929471637216,0.0,1.7226818644543225,06:57
highmodel,0.0,0.0,151.85023,-15.716425612828363,0.0,1.6577792663264834,07:00
highmodel,0.0,0.0,148.90349,-14.054033492369122,0.0,1.5907219121082847,07:03
highmodel,0.0,0.0,145.02608,-12.020296013714114,0.0,1.5219269730614977,07:06
highmodel,0.0,0.0,140.74072,-9.869709475818102,0.0,1.4517700984333075,07:09
highmodel,0.0,0.0,136.56998,7.438624008835561,0.0,1.380617721465699,07:12
highmodel,0.0,0.0,133.03653,7.330441616994368,0.0,1.3088456113363534,07:15
highmodel,0.0,0.0,130.66327,7.199021246526031,0.0,1.236845364615792,07:18
highmodel,0.0,0.0,129.97337,7.054215523383713,0.0,1.1650224061770302,07:21
innermodel,0.0,0.0,131.49031,6.878605072467296,0.0,1.0937888888692098,07:24
highmodel,0.0,0.0,133.0628,6.865848951009914,0.0,1.0235541334058416,07:27
highmodel,0.0,0.0,131.31395,7.148674305239689,0.0,0.95471446286137,07:30
highmodel,0.0,0.0,129.5144,7.142006226534837,0.0,0.8876436313138867,07:33
innermodel,0.0,0.0,127.733826,7.129077837155791,0.0,0.8226845549263179,07:36
innermodel,0.0,0.0,126.041824,7.1116635675412105,0.0,0.7601427070874607,07:39
innermodel,0.0,0.0,124.50798,7.091586575764486,0.0,0.7002813051439896,07:42
innermodel,0.0,0.0,123.20178,7.070495566331334,0.0,0.6433182642831846,07:45
innermodel,0.0,0.0,122.19258,7.049592398487927,0.0,0.5894247997866287,07:48
innermodel,0.0,0.0,121.54955,7.029327296458971,0.0,0.5387255040252737,07:51
innermodel,0.0,0.0,121.34172,7.009095038292291,0.0,0.4912996963615441,07:54
innermodel,0.0,0.0,121.621956,6.987692274548497,0.0,0.44718383371758597,07:57
innermodel,0.0,0.0,122.347275,6.966564388466967,0.0,0.4063747709478772,08:00
innermodel,0.0,0.0,123.33099,6.9510692744705045,0.0,0.3688336692508771,08:03
innermodel,0.0,0.0,124.35436,6.9448175986225165,0.0,0.33449036490015804,08:06
innermodel,0.0,0.0,125.19839,6.951279626181411,0.0,0.303248027664046,08:09
innermodel,0.0,0.0,125.6561,6.972389360609194,0.0,0.2749879570732629,08:12
innermodel,0.0,0.0,125.593506,7.003824512440601,0.0,0.2495743842291104,08:15
innermodel,0.0,0.0,124.986244,7.036301048698469,0.0,0.22685916641557666,08:18
innermodel,0.0,0.0,123.83415,7.06479531398251,0.0,0.20668628086692772,08:21
innermodel,0.0,0.0,122.1369,7.085454108597332,0.0,0.18889604225897183,08:24
innermodel,0.0,0.0,119.920235,7.0928955641838245,0.0,0.17332898555280307,08:27
innermodel,0.0,0.0,117.36709,7.079276315907315,0.0,0.15982937152182605,08:30
innermodel,0.0,0.0,114.89628,7.046683510584035,0.0,0.14824828650201233,08:33
innermodel,0.0,0.0,112.978935,7.014626098478269,0.0,0.13844632054591888,08:36
innermodel,0.0,0.0,112.0861,7.000069856884196,0.0,0.13029581920399483,08:39
innermodel,0.0,0.0,112.614136,7.000486545925039,0.0,0.12368271361645243,08:42
innermodel,0.0,0.0,114.51218,6.989296749548622,0.0,0.11850794152122732,08:45
innermodel,0.0,0.0,117.05852,6.9563211004239625,0.0,0.11468847824264007,08:48
innermodel,0.0,0.0,119.38232,6.932467095458708,0.0,0.11215800181617647,08:51
innermodel,0.0,0.0,120.612656,6.9540923309859,0.0,0.11086722023720663,08:54
innermodel,0.0,0.0,119.977165,7.024568320308723,0.0,0.11078389151601362,08:57
innermodel,0.0,0.0,117.29502,7.083177562674842,0.0,0.11189256890400198,09:00
innermodel,0.0,0.0,113.27284,7.0585471239238275,6.333333333333333,0.11419614252570134,09:03
innermodel,0.0,0.36613672971725464,108.81608,6.962722050369529,0.0,0.11779885690245148,09:06
innermodel,0.0,0.0,104.83797,6.86549422289185,0.0,0.1232198018634962,09:09
innermodel,0.0,0.0,102.194145,6.852261477548783,0.0,0.1314558015997559,09:12
innermodel,0.0,0.0,101.327255,6.9406957829374,0.0,0.14372888709812634,09:15
innermodel,0.0,0.0,102.04956,7.049795401398324,0.0,0.16134143196424405,09:18
innermodel,0.0,0.0,104.02706,7.117106011811336,0.0,0.18562272074042435,09:21
innermodel,0.0,0.0,106.91749,7.123051280460596,0.0,0.2178759440252656,09:24
innermodel,0.0,0.0,110.385544,7.077725634500692,0.0,0.2592823904426806,09:27
innermodel,0.0,0.0,114.18017,7.005227401152315,0.0,0.31076756548249374,09:30
innermodel,0.0,0.0,118.181946,6.923615138992832,0.0,0.3728752862597178,09:33
innermodel,0.0,0.40214747190475464,122.29762,7.158894227795844,0.0,0.4457046450772825,09:36
innermodel,0.0,0.0,126.431915,6.768515541846832,0.0,0.5289255334553371,09:39
innermodel,0.0,0.0,130.48955,6.708488768186345,0.0,0.6218276186102011,09:42
highmodel,0.0,0.0,134.37634,6.666538382422092,0.0,0.7233788855586816,09:45
highmodel,0.0,0.0,137.99997,6.645500480284294,0.0,0.8323157842581869,09:48
highmodel,0.0,0.0,141.27043,-10.988390571511264,0.0,0.9472453968040733,09:51
highmodel,0.0,0.0,144.10025,-12.379326190326298,0.0,1.0667370630129536,09:54
highmodel,0.0,0.0,147.4398,-14.134633835199356,0.0,1.1893953599172595,09:57
highmodel,0.0,0.0,151.42892,-16.24436087545653,0.0,1.3139132482144,10:00
highmodel,0.0,0.0,152.5386,-16.211867446681776,0.0,1.4391072859725553,10:03
highmodel,0.0,1.0776125192642212,151.43347,-15.352573588805818,0.0,1.563937678334175,10:06
highmodel,0.0,0.0,148.77956,-14.033177286850398,0.0,1.6874945956970682,10:09
highmodel,0.0,0.0,145.24323,-12.171800628441924,0.0,1.8088572036769333,10:12
highmodel,0.0,0.0,141.48969,-10.30154411346477,0.0,1.9269172305198723,10:15
highmodel,0.0,0.0,138.1824,7.359026342741388,0.0,2.0403795674232366,10:18
highmodel,0.0,0.0,135.98392,7.221098024854701,0.0,2.1478686005806673,10:21
highmodel,0.0,0.0,135.55685,7.252357759794708,0.0,2.2480454112685138,10:24
highmodel,0.0,0.0,137.45824,7.023191418808939,0.0,2.3397036220742855,10:27
highmodel,0.0,0.0,141.6081,-11.250915186952962,0.0,2.4218363317140454,10:30
highmodel,0.0,0.0,146.97055,-14.13112723026225,0.0,2.493675652581769,10:33
highmodel,0.0,0.17181377112865448,152.29855,-16.859302728339117,0.0,2.5547095245856344,10:36
highmodel,0.0,0.0,156.34657,-18.753536451460647,0.0,2.60467708533127,10:39
highmodel,0.0,0.0,157.99702,-19.033298939384785,0.0,2.643530484111647,10:42
highmodel,0.0,0.0,156.8934,-18.070585539096772,0.0,2.671387297531674,10:45
highmodel,0.0,0.0,153.8202,-16.46314885379937,0.0,2.6885142423878357,10:48
highmodel,0.0,0.0,149.81601,-14.355020834694159,0.0,2.6953262235142117,10:51
highmodel,0.0,0.0,145.92015,-12.45664073115037,0.0,2.6923838003398637,10:54
highmodel,0.0,0.0,143.09183,-11.20357548563023,0.0,2.6803854461334327,10:57
highmodel,0.0,0.0,141.8057,-10.542901636605773,0.0,2.660155407723729,11:00
highmodel,0.0,0.0,141.80917,-10.69387234277777,0.0,2.632628965721611,11:03
highmodel,0.0,0.15227222442626953,142.68858,-11.445593375117658,0.0,2.5988364622206688,11:06
highmodel,0.0,0.0,144.03082,-12.17394831725324,0.0,2.55988267061211,11:09
highmodel,0.0,0.0,145.43614,-12.888998497892327,0.0,2.5169051275969396,11:12
highmodel,0.0,0.0,146.58257,-13.434353320428514,0.0,2.4710239201074407,11:15
highmodel,0.0,0.0,147.26437,-13.718785130910796,0.0,2.423304878490681,11:18
highmodel,0.0,0.0,147.30124,-13.655333600213005,0.0,2.3747130290686,11:21
highmodel,0.0,0.0,146.51192,-13.155735854247446,0.0,2.3260493243727525,11:24
highmodel,0.0,0.0,144.75157,-12.157740524022964,0.0,2.2778945087020053,11:27
highmodel,0.0,0.0,142.10078,-10.736874313447274,0.0,2.2305896523692907,11:30
highmodel,0.0,0.0,138.97916,7.345021637068678,0.0,2.184262247311082,11:33
highmodel,0.0,0.20049762725830078,135.88057,7.314789245809361,0.0,2.138882785873886,11:36
highmodel,0.0,0.0,133.29796,7.239814362942357,0.0,2.09432500970494,11:39
highmodel,0.0,0.0,131.67856,7.139299722944159,0.0,2.050396832849004,11:42
highmodel,0.0,0.0,131.19896,7.03955533203671,0.0,2.006856679696173,11:45
highmodel,0.0,0.0,131.63022,6.96446630850108,0.0,1.9634506855183416,11:48
highmodel,0.0,0.0,132.65341,6.9131697533003775,0.0,1.9199522451879536,11:51
highmodel,0.0,0.0,133.94992,6.884981291467898,0.0,1.876188737394195,11:54
highmodel,0.0,0.0,135.21768,6.8822808697921,0.0,1.832054656208798,11:57
highmodel,0.0,0.0,136.25177,6.9002425427189245,0.0,1.7875142847262995,12:00
highmodel,0.0,0.0,136.99258,6.92651851620365,0.0,1.7425973874086074,12:03
highmodel,0.0,0.2466457337141037,137.41324,6.957539026653338,0.0,1.6973907135437165,12:06
highmodel,0.0,0.0,137.48727,6.992471815247619,0.0,1.6520227464769743,12:09
highmodel,0.0,0.0,137.18843,7.030285696806603,0.0,1.6066247124768618,12:12
highmodel,0.0,0.0,136.49028,7.0697093495605605,0.0,1.5612928729637419,12:15
highmodel,0.0,0.0,135.36606,7.109123230367987,0.0,1.5160918845295681,12:18
highmodel,0.0,0.0,133.7889,7.146412234189238,0.0,1.4710755346439641,12:21
highmodel,0.0,0.0,131.73192,7.178794482905387,0.0,1.4263042639925594,12:24
highmodel,0.0,0.0,130.26651,7.1186329922932465,0.0,1.3818553062164631,12:27
highmodel,0.0,0.0,130.47488,6.983585939223327,0.0,1.3378263253141105,12:30
highmodel,0.0,0.0,130.19974,7.021641240047784,0.0,1.2943344999050392,12:33
highmodel,0.0,0.1573195457458496,129.54716,7.050256179786503,0.0,1.2515128461543912,12:36
innermodel,0.0,0.0,128.62343,7.068523644530161,0.0,1.2095025950378953,12:39
innermodel,0.0,0.0,127.53483,7.076733967509711,0.0,1.1684324489813072,12:42
innermodel,0.0,0.0,126.38748,7.076047484294609,0.0,1.1283988561188592,12:45
innermodel,0.0,0.0,125.28722,7.068145363459106,0.0,1.0894691723987646,12:48
innermodel,0.0,0.0,124.33971,7.054834510971004,0.0,1.0516942716138038,12:51
innermodel,0.0,0.0,123.65056,7.037593716034976,0.0,1.0151191833819677,12:54
innermodel,0.0,0.0,123.31518,7.01758719476428,0.0,0.9797895491651396,12:57
innermodel,0.0,0.0,123.3675,6.997286984341938,0.0,0.9457544718311244,13:00
innermodel,0.0,0.0,123.749306,6.979859034211575,0.0,0.9130668896129561,13:03
innermodel,0.0,0.0,124.38194,6.965305556653524,0.0,0.8817825095704381,13:06
innermodel,0.0,0.0,125.18686,6.95351109459904,0.0,0.8519580763695539,13:09
innermodel,0.0,0.0,126.09068,6.944725176231509,0.0,0.8236494952465239,13:12
innermodel,0.0,0.0,127.05098,6.937785962225543,0.0,0.796910123055755,13:15
innermodel,0.0,0.0,128.07164,6.930028376667283,0.0,0.7717893939908713,13:18
innermodel,0.0,0.0,129.16687,6.920616302648114,0.0,0.7483318477841493,13:21
innermodel,0.0,0.0,130.35083,6.909308574687164,0.0,0.7265765657937457,13:24
highmodel,0.0,0.5613100528717041,131.62279,6.8970798166227265,0.0,0.7065568604687904,13:27
highmodel,0.0,0.0,132.89284,6.891727276007388,0.0,0.688292952338311,13:30
highmodel,0.0,0.0,133.93698,6.906980010496355,0.0,0.6717489491763272,13:33
highmodel,0.0,0.0,134.50035,6.948342917660854,0.0,0.6567903227136317,13:36
highmodel,0.0,0.0,134.3268,7.016022518167155,0.0,0.6432020036870054,13:39
highmodel,0.0,0.0,133.19708,7.101918882451121,0.0,0.6307311490560962,13:42
highmodel,0.0,0.0,131.1183,7.1764987666989475,0.0,0.6191236863368601,13:45
highmodel,0.0,0.0,128.43752,7.205475569207987,0.0,0.6081486413515635,13:48
innermodel,0.0,0.0,125.57771,7.18998178919676,0.0,0.5976116774460777,13:51
innermodel,0.0,0.0,122.96232,7.145542235674963,0.0,0.5873607312628291,13:54
innermodel,0.0,0.0,120.986084,7.090982016026741,0.0,0.5772864121124646,13:57
innermodel,0.0,0.0,119.868744,7.043856736934524,0.0,0.5673192164093965,14:00
innermodel,0.0,0.0,119.56727,7.010867940774244,0.0,0.5574250052525378,14:03
innermodel,0.0,0.0,119.98056,6.984995862636057,0.0,0.5475997139503233,14:06
innermodel,0.0,0.0,121.007904,6.959367379347666,0.0,0.5378639145088012,14:09
innermodel,0.0,0.0,122.540695,6.930747119001671,0.0,0.5282576117707455,14:12
innermodel,0.0,0.0,124.42135,6.90142259906759,0.0,0.5188354926355061,14:15
innermodel,0.0,0.0,126.41863,6.879604325590094,0.0,0.5096627416548151,14:18
innermodel,0.0,0.0,128.28505,6.87353887706896,0.0,0.500811467434198,14:21
innermodel,0.0,0.0,129.77322,6.889916361036144,0.0,0.49235774018645645,14:24
innermodel,0.0,0.0,130.65703,6.9308686168978575,0.0,0.48437921306788206,14:27
highmodel,0.0,0.5889354944229126,130.83748,6.985547647032166,0.0,0.4769531752115366,14:30
highmodel,0.0,0.0,130.40625,7.034348334485394,0.0,0.4701486259088009,14:33
highmodel,0.0,0.0,129.49686,7.070285111917233,0.0,0.46398676436354014,14:36
innermodel,0.0,0.0,128.24167,7.092121996602879,0.0,0.45840108507272126,14:39
innermodel,0.0,0.0,126.77175,7.100461563501343,0.0,0.453250998963157,14:42
innermodel,0.0,0.0,125.217316,7.097223359701624,0.0,0.4483585292118131,14:45
innermodel,0.0,0.0,123.70826,7.085187274195537,0.0,0.4435407571385285,14:48
innermodel,0.0,0.0,122.37461,7.067466985933811,0.0,0.4386321874846075,14:51
innermodel,0.0,0.0,121.34676,7.046829540379073,0.0,0.4334978097109007,14:54
innermodel,0.0,0.0,123.38336,6.902825577675407,0.0,0.4280390816345875,14:57
innermodel,0.0,0.0,129.46567,6.610242062696556,0.0,0.42219502176627033,15:00
innermodel,0.0,0.0,131.1671,6.866317846909139,0.0,0.41594016586736665,15:03
highmodel,0.0,0.3030940890312195,129.37886,7.140227281059293,0.0,0.40928063066766446,15:06
innermodel,0.0,0.0,124.99252,7.294175938678734,0.0,0.40224617245601835,15:09
innermodel,0.0,0.0,118.89983,7.278853976804519,0.0,0.3948668251985198,15:12
innermodel,0.0,0.0,111.99228,7.105066878583407,0.0,0.3871498300696557,15:15
innermodel,0.0,0.0,105.16096,6.842169547419498,0.0,0.37908285104558287,15:18
innermodel,0.0,0.0,99.29677,-10.734423350166908,0.0,0.37064861433645013,15:21
innermodel,0.0,0.0,95.29066,-12.769466248497132,0.0,0.36183759835171964,15:24
innermodel,0.0,0.0,93.92633,-13.209698457247766,0.0,0.352655850569453,15:27
innermodel,0.0,0.0,95.34335,-12.149116822172234,0.0,0.3431283232983376,15:30
innermodel,0.0,0.0,98.71492,-10.286132023168488,0.0,0.33329889948316405,15:33
innermodel,0.0,0.0,102.999725,7.322583529026738,0.0,0.32322828282135085,15:36
innermodel,0.0,0.0,107.15677,7.188172129147577,0.0,0.3129907033306273,15:39
innermodel,0.0,0.0,110.23807,7.068145245563177,0.0,0.30267013472224513,15:42
innermodel,0.0,0.0,111.85249,7.013321093364335,0.0,0.29235649898748234,15:45
innermodel,0.0,0.0,112.44404,7.001205040888585,0.0,0.282142161676066,15:48
innermodel,0.0,0.0,112.64233,6.999971991369293,0.0,0.27211889507189563,15:51
innermodel,0.0,0.0,113.07708,6.999187594724905,0.0,0.2623753971118359,15:54
innermodel,0.0,0.0,114.307686,6.992198009532427,0.0,0.2529953924662692,15:57
innermodel,0.0,0.0,116.47133,6.967204557439769,0.0,0.24405630118569305,16:00
innermodel,0.0,0.0,119.07196,5.541111943218434,41.666666666666664,0.23563129048450338,16:03
innermodel,0.0,0.1870100498199463,121.47445,8.990747360489497,0.0,0.2279023456382353,16:06
innermodel,0.0,0.08253307640552521,123.0523,9.008722255836199,0.0,0.22161215402057288,16:09
innermodel,0.0,0.06294889748096466,123.27167,8.377679082035844,0.0,0.21842612882541623,16:12
innermodel,0.0,0.029773522168397903,122.06547,8.44801294766296,0.0,0.2209886725490941,16:15
innermodel,0.0,0.0,120.0533,7.084607225743263,0.0,0.23298766643965543,16:18
innermodel,0.0,0.0,118.01721,7.066963791668482,0.0,0.2594802087279601,16:21
innermodel,0.0,0.0,116.74768,7.031824825415769,0.0,0.30759085293591837,16:24
innermodel,0.0,0.0,116.97477,6.994882048345344,0.0,0.3875260108361577,16:27
innermodel,0.0,0.0,119.04598,6.941862630830809,0.0,0.5136348049033683,16:30
innermodel,0.0,0.042327214032411575,122.7258,8.931588562538963,0.0,0.7044076161058461,16:33
innermodel,0.0,0.11718606948852539,127.62121,8.793430420347034,0.0,0.980651011215302,16:36
innermodel,0.0,0.1470741331577301,133.29616,8.635196068662545,0.0,1.3622935002168435,16:39
highmodel,0.0,0.1684013307094574,139.29935,8.494435160034143,0.0,1.8644750614829988,16:42
highmodel,0.0,0.1787118911743164,145.32042,8.389307227038348,0.0,2.4943005840213512,16:45
highmodel,0.0,0.1813933402299881,151.29219,-14.340303835540958,0.0,3.2495264264994512,16:48
highmodel,0.0,0.18242797255516052,157.19482,-19.44235170968799,0.0,4.1194160140612315,16:51
highmodel,0.0,0.18297997117042542,163.00842,-22.401634077268525,0.0,5.087006931710633,16:54
highmodel,0.0,0.18304137885570526,168.72334,-25.29949457126651,0.0,6.131767560229033,16:57
highmodel,0.0,0.1828620880842209,174.35254,-28.147736796121123,0.0,7.23192291816617,17:00
highmodel,0.0,0.18300533294677734,179.93765,-30.974201411171897,0.0,8.366146641377837,17:03
highmodel,0.0,0.0,185.53676,-34.438611628553545,0.0,9.514507754506665,17:06
highmodel,0.0,0.0,191.21931,-37.97094346049402,0.0,10.65894151812964,17:09
highmodel,0.0,0.0,197.06528,-41.61706906678899,0.0,11.783766508084838,17:12
highmodel,0.0,0.0,203.16458,-45.43577663540052,0.0,12.875819680471219,17:15
highmodel,0.0,0.9431141018867493,209.61604,-49.49093121976601,0.0,13.924398862002672,17:18
highmodel,0.0,0.21763858199119568,216.52611,-53.850677243261785,0.0,14.921065717585691,17:21
highmodel,0.0,0.23182335495948792,224.00697,-58.58609404905822,0.0,15.859130810478714,17:24
highmodel,0.0,0.24899177253246307,232.62,-64.14122698303012,0.0,16.73300389724164,17:27
highmodel,0.0,0.2733917236328125,241.55199,-69.71588476700647,0.0,17.537854586094422,17:30
highmodel,0.0,0.2847827970981598,247.40201,-72.62987010824011,0.0,18.2694946117596,17:33
highmodel,0.0,0.2112937867641449,250.66489,-74.05242402291402,0.0,18.924326663031646,17:36
highmodel,0.0,0.14925575256347656,251.83644,-74.29851652736959,0.0,19.499313969296864,17:39
highmodel,0.0,0.09883956611156464,251.41368,-73.67811789394206,0.0,19.991989758814686,17:42
highmodel,0.0,0.06021576002240181,249.89525,-72.49938711700425,0.0,20.400531698702714,17:45
highmodel,0.0,0.03357696533203125,247.78203,-71.07035222155741,0.0,20.723883164917574,17:48
highmodel,0.0,0.019128035753965378,245.57787,-69.69998676760761,0.0,20.96188492278727,17:51
highmodel,0.0,0.017092514783143997,243.79013,-68.69902925776529,0.0,21.115386039477894,17:54
highmodel,0.0,0.027717208489775658,242.8731,-68.33304687823072,0.0,21.186313930419935,17:57
highmodel,0.0,0.04983215406537056,242.94223,-68.59676470124239,0.0,21.177694201918985,18:00
highmodel,0.0,0.07510795444250107,243.60272,-69.13435082663388,0.0,21.09361968264455,18:03
highmodel,0.0,0.09083060920238495,244.34952,-63.73140712113366,0.0,20.939175177636464,18:06
highmodel,0.0,0.0941242203116417,244.68129,-63.80411441997242,0.0,20.72033220187041,18:09
highmodel,0.0,0.08492545783519745,244.14832,-61.954360924599115,0.0,20.443836032551612,18:12
highmodel,0.0,0.06436844170093536,242.59326,-60.94758310140015,0.0,20.117108858409605,18:15
highmodel,0.0,0.03962058946490288,240.29578,-59.63352630333851,0.0,19.74818195119335,18:18
highmodel,0.0,0.021554183214902878,237.63454,-58.22357058283266,0.0,19.3456468687583,18:21
highmodel,0.0,0.012731170281767845,234.99066,-56.90788058638918,0.0,18.918578778289394,18:24
highmodel,0.0,0.013323592953383923,232.71724,-55.855486783727734,0.0,18.476336827351957,18:27
highmodel,0.0,0.022751618176698685,230.98824,-55.112779162061685,0.0,18.02811921615599,18:30
highmodel,0.0,0.029285812750458717,229.70596,-54.57093124325212,0.0,17.582215497756632,18:33
highmodel,0.0,0.04081878811120987,228.70656,-54.13390871300337,0.0,17.145098314020892,18:36
highmodel,0.0,0.048401642590761185,227.81604,-53.71289975768307,0.0,16.7207037113537,18:39
highmodel,0.0,0.05172767490148544,226.85803,-53.21948349769609,0.0,16.31021729162835,18:42
highmodel,0.0,0.050688933581113815,225.70259,-52.599111966124,0.0,15.912405800237865,18:45
highmodel,0.0,0.04638557508587837,224.29765,-51.84299092789993,0.0,15.524286276702021,18:48
highmodel,0.0,0.04072685167193413,222.60452,-50.934892114164256,0.0,15.141876078220308,18:51
highmodel,0.0,0.03403205797076225,220.58156,-49.85364242999506,0.0,14.760852618545963,18:54
highmodel,0.0,0.026212310418486595,218.18353,-48.576226397527606,0.0,14.377053510737959,18:57
highmodel,0.0,0.01716308668255806,215.34688,-47.06750514530304,0.0,13.986813453300355,19:00
highmodel,0.0,0.006411361508071423,211.98035,-44.143572498344135,34.0,13.586966690257363,19:03
highmodel,0.0,0.0,207.98965,-43.15816169797578,0.0,13.175269961133196,19:06
highmodel,0.0,0.0,203.29362,-40.67565928227483,0.0,12.753591306501423,19:09
highmodel,0.0,0.0,197.87442,-37.83638899791153,0.0,12.328975774511289,19:12
highmodel,0.0,0.0,191.97423,-34.81569415558715,0.0,11.91335159725594,19:15
highmodel,0.0,0.0,186.20972,-31.99113663832489,0.0,11.522475084159943,19:18
highmodel,0.0,0.0,181.29251,-29.723202808681144,0.0,11.174552459164369,19:21
highmodel,0.0,0.0,177.9444,-28.359360241551116,0.0,10.888923853606261,19:24
highmodel,0.0,0.0,176.81686,-28.205096478234776,0.0,10.684087843833922,19:27
highmodel,0.0,0.0,178.11705,-29.293133748082393,0.0,10.574004168031696,19:30
highmodel,0.0,0.0,181.37575,-31.284843031610496,0.0,10.565608822546821,19:33
highmodel,0.0,0.0,185.94011,-36.093090718587746,0.0,10.658135631604996,19:36
highmodel,0.0,0.15205402672290802,191.11707,-34.85591181500988,0.0,10.843691711993422,19:39
highmodel,0.0,0.20494404435157776,196.18062,-37.39002530323892,0.0,11.10890146374947,19:42
highmodel,0.0,0.204670712351799,200.38382,-39.338184969157496,0.0,11.437116692100295,19:45
highmodel,0.0,0.18572044372558594,202.97131,-40.313439227449365,0.0,11.810530708451266,19:48
highmodel,0.0,0.14764919877052307,203.1897,-44.06165434383216,0.0,12.211918233297245,19:51
highmodel,0.0,0.09026698768138885,200.2942,-41.67597719550055,0.0,12.62564491626846,19:54
highmodel,0.0,0.013548088259994984,197.58957,-40.08592628229523,0.0,13.038131937050812,19:57
highmodel,0.0,0.018489647656679153,200.29408,-42.81261273945461,0.0,13.43800164072093,20:00
highmodel,0.0,0.15394993126392365,203.6212,-41.03993095415459,29.0,13.821734981267495,20:03
highmodel,0.0,0.17143821716308594,207.51741,-43.11427508451454,0.0,14.221120229835071,20:06
highmodel,0.0,0.1854713410139084,212.02536,-45.50717419814488,0.0,14.671369649438205,20:09
highmodel,0.0,0.20205116271972656,217.11322,-48.187180396336515,0.0,15.188946378180358,20:12
highmodel,0.0,0.21828842163085938,222.68716,-51.093300388631675,0.0,15.780998170982148,20:15
highmodel,0.0,0.23279647529125214,228.628,-54.158918079758806,0.0,16.451203007810808,20:18
highmodel,0.0,0.24487915635108948,234.80917,-57.31746810450505,0.0,17.20259643339107,20:21
highmodel,0.0,0.25394782423973083,241.09927,-60.500722421523136,0.0,18.036797618948114,20:24
highmodel,0.0,0.2598457336425781,247.34529,-63.62612005788779,0.0,18.94890844095092,20:27
highmodel,0.0,0.26199227571487427,253.35097,-66.58481554602912,0.0,19.925543444223425,20:30
highmodel,0.0,0.25925788283348083,258.87604,-69.24589630530679,0.0,20.946204008234407,20:33
highmodel,0.0,0.2499542236328125,263.65692,-71.4717969526666,0.0,21.98615400880147,20:36
highmodel,0.0,0.23301009833812714,267.423,-73.12555761845258,0.0,23.019500213834476,20:39
highmodel,0.0,0.2087142914533615,269.95627,-74.11057541851177,0.0,24.021605364587675,20:42
highmodel,0.0,0.17839622497558594,271.33957,-75.98821868260706,0.0,24.97057694776757,20:45
highmodel,0.0,0.1496448516845703,272.10492,-76.2287531549722,0.0,25.84796640756659,20:48
highmodel,0.0,0.13379783928394318,272.89642,-85.81704030664596,0.0,26.638933765881006,20:51
highmodel,0.0,0.1338455229997635,274.37326,-86.85964192764035,0.0,27.33210452964533,20:54
highmodel,0.0,0.15036240220069885,277.12045,-88.79852941337842,0.0,27.919271934666586,20:57
highmodel,0.0,0.18171462416648865,281.20844,-91.55780949483814,0.0,28.395030466026732,21:00
highmodel,0.0,0.21521911025047302,285.9281,-94.53236868858468,0.0,28.75638349802641,21:03
highmodel,0.0,0.231414794921875,290.4036,-97.15772139771859,0.0,29.00234625863536,21:06
highmodel,0.0,0.22820205986499786,293.76608,-98.91411753024103,0.0,29.13356063798023,21:09
highmodel,0.0,0.20323029160499573,295.23953,-99.35804242748898,0.0,29.151944823571018,21:12
highmodel,0.0,0.15854492783546448,294.57465,-98.46297509645171,0.0,29.060404211223148,21:15
highmodel,0.0,0.10706710815429688,292.30917,-96.73443955984254,0.0,28.862622912586666,21:18
highmodel,0.0,0.05660362169146538,289.1578,-94.64180275847197,0.0,28.56294241559703,21:21
highmodel,0.0,0.032440949231386185,285.8376,-92.614875269508,0.0,28.166317760603263,21:24
highmodel,0.0,0.02572936937212944,283.00034,-91.0283593793283,0.0,27.67832595455055,21:27
highmodel,0.0,0.035012055188417435,280.8942,-89.93686936295921,0.0,27.105189710049377,21:30
highmodel,0.0,0.05030975490808487,279.1608,-88.98535871837159,0.0,26.453780118708977,21:33
highmodel,0.0,0.05669822543859482,277.3088,-87.84913254025128,0.0,25.73157791383254,21:36
highmodel,0.0,0.05180053785443306,274.849,-86.23608299962362,0.0,24.94659208419169,21:39
highmodel,0.0,0.035387419164180756,271.334,-83.88864963258598,0.0,24.10725160451202,21:42
highmodel,0.0,0.008213043212890625,266.55902,-80.74121442091632,0.0,23.22229417139721,21:45
highmodel,0.0,0.0,260.68204,-76.97312078874926,0.0,22.300672397863465,21:48
highmodel,0.0,0.0,253.94203,-72.74692174609928,0.0,21.35148813239538,21:51
highmodel,0.0,0.0,246.57863,-68.20675600997174,0.0,20.383950305350385,21:54
highmodel,0.0,0.0,238.82709,-63.492637784933805,0.0,19.407342940827487,21:57
highmodel,0.0,0.0,230.89429,-58.72165111212401,0.0,18.4309965673662,22:00
highmodel,0.0,0.0,222.94424,-53.981661771724795,0.0,17.464261386915346,22:03
highmodel,0.0,0.0,215.13222,-45.88822047621727,0.0,16.516474253425475,22:06
highmodel,0.0,0.0,207.61436,-42.22476374758989,0.0,15.596892418462716,22:09
highmodel,0.0,0.0,200.54758,-38.82017662045452,0.0,14.714533228866252,22:12
highmodel,0.0,0.0,194.08818,-35.74870636322919,0.0,13.87776353850419,22:15
highmodel,0.0,0.0,188.38942,-33.08206044372732,0.0,13.093626923127772,22:18
highmodel,0.0,0.0,183.5982,-30.888285519260315,0.0,12.367190543285604,22:21
highmodel,0.0,0.0,179.85118,-29.230596085012515,0.0,11.700775058296774,22:24
highmodel,0.0,0.0,176.64978,-27.74416856957418,0.0,11.093566442443246,22:27
highmodel,0.0,0.0,173.41823,-26.13603469748118,0.0,10.541853916559479,22:30
highmodel,0.0,0.0,171.2743,-25.264677373357948,0.0,10.039750287130357,22:33
highmodel,0.0,0.0,170.01726,-24.793236063474822,0.0,9.580094503471749,22:36
highmodel,0.0,0.0,169.44139,-24.622784191979715,0.0,9.155287609907191,22:39
highmodel,0.0,0.0,169.33957,-24.65252369037777,0.0,8.757939826710293,22:42
highmodel,0.0,0.0,169.50586,-25.747794875586596,0.0,8.38130638338887,22:45
highmodel,0.0,0.0,169.73726,-25.874603117404057,0.0,8.019540299581786,22:48
highmodel,0.0,0.0,169.83473,-25.900613590607318,0.0,7.667805818153358,22:51
highmodel,0.0,0.0,169.60365,-24.762540756825423,0.0,7.322294345382145,22:54
highmodel,0.0,0.0,168.8725,-24.312461656290722,0.0,6.980176807823365,22:57
highmodel,0.0,0.0,167.58586,-23.57703477126544,0.0,6.639517686087992,23:00
highmodel,0.0,0.0,165.86,-22.644388388176242,0.0,6.2991686239968825,23:03
highmodel,0.0,0.0,163.85187,-21.59956837108753,0.0,5.9586538528027155,23:06
highmodel,0.0,0.0,161.7214,-20.52175607674313,0.0,5.618055535947261,23:09
highmodel,0.0,0.0,159.6178,-19.48194345833239,0.0,5.277904200852468,23:12
highmodel,0.0,0.0,157.6135,-18.5026848068998,0.0,4.939077368532643,23:15
highmodel,0.0,0.0,155.66428,-17.54372873822414,0.0,4.602708071296074,23:18
highmodel,0.0,0.0,153.7009,-16.56753652766747,0.0,4.270103979981688,23:21
highmodel,0.0,0.0,151.65501,-15.541172052546033,0.0,3.942677213353671,23:24
highmodel,0.0,0.0,149.4633,-14.43494211509536,0.0,3.6218844798368774,23:27
highmodel,0.0,0.0,147.08948,-13.235671747349432,0.0,3.309176939081459,23:30
highmodel,0.0,0.01617584191262722,144.5374,-11.951462644770544,0.0,3.0059590143125154,23:33
highmodel,0.0,0.0,141.81981,-10.59023831964895,0.0,2.71355498736363,23:36
highmodel,0.0,0.0,138.94937,7.3160319192890855,0.0,2.4331813417900716,23:39
highmodel,0.0,0.0,135.94379,7.305494831259287,0.0,2.165926058420642,23:42
highmodel,0.0,0.0,132.85226,7.285157193629307,0.0,1.9127365757296562,23:45
highmodel,0.0,0.0,129.7713,7.25266727639937,0.0,1.6744134513244329,23:48
innermodel,0.0,0.0,126.80761,7.211131680600091,0.0,1.4516074903706877,23:51
innermodel,0.0,0.0,124.06756,7.165321570119937,0.0,1.2448195279204972,23:54
innermodel,0.0,0.0,121.64959,7.1204173868967375,0.0,1.0544024803037197,23:57
innermodel,0.0,0.0,119.606705,14.081990601096024,0.0,0.8805653839729349,00:00
